market_ticker,event_ticker,yes_sub_title,status,result,settlement_value_dollars,settlement_ts,close_time,expiration_value
KXWNBAGAME-25AUG01GSCHI-CHI,KXWNBAGAME-25AUG01GSCHI,Chicago,finalized,no,0.0,2025-08-02 01:41:31.381720+00:00,2025-08-02 01:36:30.038600+00:00,Golden State
KXWNBAGAME-25AUG01GSCHI-GS,KXWNBAGAME-25AUG01GSCHI,Golden State,finalized,yes,1.0,2025-08-02 01:41:31.381720+00:00,2025-08-02 01:36:30.038600+00:00,Golden State
KXWNBAGAME-25AUG01INDDAL-DAL,KXWNBAGAME-25AUG01INDDAL,Dallas,finalized,no,0.0,2025-08-02 01:47:47.202033+00:00,2025-08-02 01:42:47.819024+00:00,Indiana
KXWNBAGAME-25AUG01INDDAL-IND,KXWNBAGAME-25AUG01INDDAL,Indiana,finalized,yes,1.0,2025-08-02 01:47:47.202033+00:00,2025-08-02 01:42:47.819024+00:00,Indiana
KXWNBAGAME-25AUG01LASEA-LA,KXWNBAGAME-25AUG01LASEA,Los Angeles,finalized,yes,1.0,2025-08-02 04:55:59.186116+00:00,2025-08-02 04:50:59.079122+00:00,
KXWNBAGAME-25AUG01LASEA-SEA,KXWNBAGAME-25AUG01LASEA,Seattle,finalized,no,0.0,2025-08-02 04:55:59.186116+00:00,2025-08-02 04:50:59.079122+00:00,
KXWNBAGAME-25AUG01NYCONN-CONN,KXWNBAGAME-25AUG01NYCONN,Connecticut,finalized,yes,1.0,2025-08-02 01:46:10.181398+00:00,2025-08-02 01:41:10.014897+00:00,Connecticut
KXWNBAGAME-25AUG01NYCONN-NY,KXWNBAGAME-25AUG01NYCONN,New York,finalized,no,0.0,2025-08-02 01:46:10.181398+00:00,2025-08-02 01:41:10.014897+00:00,Connecticut
KXWNBAGAME-25AUG01PHXATL-ATL,KXWNBAGAME-25AUG01PHXATL,Atlanta,finalized,yes,1.0,2025-08-02 01:41:29.171238+00:00,2025-08-02 01:36:29.078658+00:00,Atlanta
KXWNBAGAME-25AUG01PHXATL-PHX,KXWNBAGAME-25AUG01PHXATL,Phoenix,finalized,no,0.0,2025-08-02 01:41:29.171238+00:00,2025-08-02 01:36:29.078658+00:00,Atlanta
KXWNBAGAME-25AUG02MINLV-LV,KXWNBAGAME-25AUG02MINLV,Las Vegas,finalized,no,0.0,2025-08-03 16:14:33.171752+00:00,2025-08-03 16:09:33.114580+00:00,Minnesota
KXWNBAGAME-25AUG02MINLV-MIN,KXWNBAGAME-25AUG02MINLV,Minnesota,finalized,yes,1.0,2025-08-03 16:14:33.171752+00:00,2025-08-03 16:09:33.114580+00:00,Minnesota
KXWNBAGAME-25AUG03GSLV-GS,KXWNBAGAME-25AUG03GSLV,Golden State,finalized,no,0.0,2025-08-04 00:11:42.171743+00:00,2025-08-04 00:06:42.153157+00:00,Las Vegas
KXWNBAGAME-25AUG03GSLV-LV,KXWNBAGAME-25AUG03GSLV,Las Vegas,finalized,yes,1.0,2025-08-04 00:11:42.171743+00:00,2025-08-04 00:06:42.153157+00:00,Las Vegas
KXWNBAGAME-25AUG03INDSEA-IND,KXWNBAGAME-25AUG03INDSEA,Indiana,finalized,yes,1.0,2025-08-03 21:21:47.171777+00:00,2025-08-03 21:16:47.295357+00:00,Indiana
KXWNBAGAME-25AUG03INDSEA-SEA,KXWNBAGAME-25AUG03INDSEA,Seattle,finalized,no,0.0,2025-08-03 21:21:47.171777+00:00,2025-08-03 21:16:47.295357+00:00,Indiana
KXWNBAGAME-25AUG03NYCONN-CONN,KXWNBAGAME-25AUG03NYCONN,Connecticut,finalized,no,0.0,2025-08-03 19:17:57.245380+00:00,2025-08-03 19:12:57.333952+00:00,New York
KXWNBAGAME-25AUG03NYCONN-NY,KXWNBAGAME-25AUG03NYCONN,New York,finalized,yes,1.0,2025-08-03 19:17:57.245380+00:00,2025-08-03 19:12:57.333952+00:00,New York
KXWNBAGAME-25AUG03PHXCHI-CHI,KXWNBAGAME-25AUG03PHXCHI,Chicago,finalized,no,0.0,2025-08-04 00:03:33.171692+00:00,2025-08-03 23:58:33.576614+00:00,Phoenix
KXWNBAGAME-25AUG03PHXCHI-PHX,KXWNBAGAME-25AUG03PHXCHI,Phoenix,finalized,yes,1.0,2025-08-04 00:03:33.171692+00:00,2025-08-03 23:58:33.576614+00:00,Phoenix
KXWNBAGAME-25AUG03WSHATL-ATL,KXWNBAGAME-25AUG03WSHATL,Atlanta,finalized,yes,1.0,2025-08-03 21:21:50.781230+00:00,2025-08-03 21:16:48.587041+00:00,Atlanta
KXWNBAGAME-25AUG03WSHATL-WSH,KXWNBAGAME-25AUG03WSHATL,Washington,finalized,no,0.0,2025-08-03 21:21:50.781230+00:00,2025-08-03 21:16:48.587041+00:00,Atlanta
KXWNBAGAME-25AUG05CONNPHX-CONN,KXWNBAGAME-25AUG05CONNPHX,Connecticut,finalized,no,0.0,2025-08-06 04:20:33.591652+00:00,2025-08-06 04:15:33.799318+00:00,Phoenix
KXWNBAGAME-25AUG05CONNPHX-PHX,KXWNBAGAME-25AUG05CONNPHX,Phoenix,finalized,yes,1.0,2025-08-06 04:20:33.591652+00:00,2025-08-06 04:15:33.799318+00:00,Phoenix
KXWNBAGAME-25AUG05DALNY-DAL,KXWNBAGAME-25AUG05DALNY,Dallas,finalized,no,0.0,2025-08-06 01:10:56.581523+00:00,2025-08-06 01:05:56.123873+00:00,New York
KXWNBAGAME-25AUG05DALNY-NY,KXWNBAGAME-25AUG05DALNY,New York,finalized,yes,1.0,2025-08-06 01:10:56.581523+00:00,2025-08-06 01:05:56.123873+00:00,New York
KXWNBAGAME-25AUG05INDLA-IND,KXWNBAGAME-25AUG05INDLA,Indiana,finalized,no,0.0,2025-08-06 04:21:52.570918+00:00,2025-08-06 04:16:52.418859+00:00,Los Angeles
KXWNBAGAME-25AUG05INDLA-LA,KXWNBAGAME-25AUG05INDLA,Los Angeles,finalized,yes,1.0,2025-08-06 04:21:52.570918+00:00,2025-08-06 04:16:52.418859+00:00,Los Angeles
KXWNBAGAME-25AUG05MINSEA-MIN,KXWNBAGAME-25AUG05MINSEA,Minnesota,finalized,yes,1.0,2025-08-06 04:20:33.570997+00:00,2025-08-06 04:15:32.872184+00:00,Minnesota
KXWNBAGAME-25AUG05MINSEA-SEA,KXWNBAGAME-25AUG05MINSEA,Seattle,finalized,no,0.0,2025-08-06 04:20:33.570997+00:00,2025-08-06 04:15:32.872184+00:00,Minnesota
KXWNBAGAME-25AUG05WSHCHI-CHI,KXWNBAGAME-25AUG05WSHCHI,Chicago,finalized,yes,1.0,2025-08-06 02:03:32.581169+00:00,2025-08-06 01:58:31.945001+00:00,Chicago
KXWNBAGAME-25AUG05WSHCHI-WSH,KXWNBAGAME-25AUG05WSHCHI,Washington,finalized,no,0.0,2025-08-06 02:03:32.581169+00:00,2025-08-06 01:58:31.945001+00:00,Chicago
KXWNBAGAME-25AUG06LVGS-GS,KXWNBAGAME-25AUG06LVGS,Golden State,finalized,no,0.0,2025-08-07 04:34:15.850238+00:00,2025-08-07 04:29:15.482183+00:00,Las Vegas
KXWNBAGAME-25AUG06LVGS-LV,KXWNBAGAME-25AUG06LVGS,Las Vegas,finalized,yes,1.0,2025-08-07 04:34:15.850238+00:00,2025-08-07 04:29:15.482183+00:00,Las Vegas
KXWNBAGAME-25AUG07ATLCHI-ATL,KXWNBAGAME-25AUG07ATLCHI,Atlanta,finalized,yes,1.0,2025-08-08 02:13:46.670713+00:00,2025-08-08 02:08:46.719676+00:00,Atlanta
KXWNBAGAME-25AUG07ATLCHI-CHI,KXWNBAGAME-25AUG07ATLCHI,Chicago,finalized,no,0.0,2025-08-08 02:13:46.670713+00:00,2025-08-08 02:08:46.719676+00:00,Atlanta
KXWNBAGAME-25AUG07CONNLA-CONN,KXWNBAGAME-25AUG07CONNLA,Connecticut,finalized,no,0.0,2025-08-08 04:21:58.660695+00:00,2025-08-08 04:16:58.433213+00:00,Los Angeles
KXWNBAGAME-25AUG07CONNLA-LA,KXWNBAGAME-25AUG07CONNLA,Los Angeles,finalized,yes,1.0,2025-08-08 04:21:58.660695+00:00,2025-08-08 04:16:58.433213+00:00,Los Angeles
KXWNBAGAME-25AUG07INDPHX-IND,KXWNBAGAME-25AUG07INDPHX,Indiana,finalized,no,0.0,2025-08-08 04:22:02.249789+00:00,2025-08-08 04:16:59.744653+00:00,Phoenix
KXWNBAGAME-25AUG07INDPHX-PHX,KXWNBAGAME-25AUG07INDPHX,Phoenix,finalized,yes,1.0,2025-08-08 04:22:02.249789+00:00,2025-08-08 04:16:59.744653+00:00,Phoenix
KXWNBAGAME-25AUG08NYDAL-DAL,KXWNBAGAME-25AUG08NYDAL,Dallas,finalized,no,0.0,2025-08-09 01:51:42.649428+00:00,2025-08-09 01:46:42.293679+00:00,New York
KXWNBAGAME-25AUG08NYDAL-NY,KXWNBAGAME-25AUG08NYDAL,New York,finalized,yes,1.0,2025-08-09 01:51:42.649428+00:00,2025-08-09 01:46:42.293679+00:00,New York
KXWNBAGAME-25AUG08SEALV-LV,KXWNBAGAME-25AUG08SEALV,Las Vegas,finalized,yes,1.0,2025-08-09 04:15:48.649441+00:00,2025-08-09 04:10:48.015621+00:00,Las Vegas
KXWNBAGAME-25AUG08SEALV-SEA,KXWNBAGAME-25AUG08SEALV,Seattle,finalized,no,0.0,2025-08-09 04:15:48.649441+00:00,2025-08-09 04:10:48.015621+00:00,Las Vegas
KXWNBAGAME-25AUG08WSHMIN-MIN,KXWNBAGAME-25AUG08WSHMIN,Minnesota,finalized,yes,1.0,2025-08-09 01:59:38.649816+00:00,2025-08-09 01:54:38.655539+00:00,Minnesota
KXWNBAGAME-25AUG08WSHMIN-WSH,KXWNBAGAME-25AUG08WSHMIN,Washington,finalized,no,0.0,2025-08-09 01:59:38.649816+00:00,2025-08-09 01:54:38.655539+00:00,Minnesota
KXWNBAGAME-25AUG09CHIIND-CHI,KXWNBAGAME-25AUG09CHIIND,Chicago,finalized,no,0.0,2025-08-10 02:11:49.649465+00:00,2025-08-10 02:06:48.950689+00:00,Indiana
KXWNBAGAME-25AUG09CHIIND-IND,KXWNBAGAME-25AUG09CHIIND,Indiana,finalized,yes,1.0,2025-08-10 02:11:49.649465+00:00,2025-08-10 02:06:48.950689+00:00,Indiana
KXWNBAGAME-25AUG09LAGS-GS,KXWNBAGAME-25AUG09LAGS,Golden State,finalized,yes,1.0,2025-08-10 02:46:20.650052+00:00,2025-08-10 02:41:19.888975+00:00,Golden State
KXWNBAGAME-25AUG09LAGS-LA,KXWNBAGAME-25AUG09LAGS,Los Angeles,finalized,no,0.0,2025-08-10 02:46:20.650052+00:00,2025-08-10 02:41:19.888975+00:00,Golden State
KXWNBAGAME-25AUG10ATLPHX-ATL,KXWNBAGAME-25AUG10ATLPHX,Atlanta,finalized,yes,1.0,2025-08-11 00:29:49.740053+00:00,2025-08-11 00:24:48.548380+00:00,Atlanta
KXWNBAGAME-25AUG10ATLPHX-PHX,KXWNBAGAME-25AUG10ATLPHX,Phoenix,finalized,no,0.0,2025-08-11 00:29:49.740053+00:00,2025-08-11 00:24:48.548380+00:00,Atlanta
KXWNBAGAME-25AUG10CONNLV-CONN,KXWNBAGAME-25AUG10CONNLV,Connecticut,finalized,no,0.0,2025-08-11 03:16:06.740377+00:00,2025-08-11 03:11:06.423373+00:00,Las Vegas
KXWNBAGAME-25AUG10CONNLV-LV,KXWNBAGAME-25AUG10CONNLV,Las Vegas,finalized,yes,1.0,2025-08-11 03:16:06.740377+00:00,2025-08-11 03:11:06.423373+00:00,Las Vegas
KXWNBAGAME-25AUG10MINNY-MIN,KXWNBAGAME-25AUG10MINNY,Minnesota,finalized,yes,1.0,2025-08-10 18:46:23.669648+00:00,2025-08-10 18:41:23.336589+00:00,Minnesota
KXWNBAGAME-25AUG10MINNY-NY,KXWNBAGAME-25AUG10MINNY,New York,finalized,no,0.0,2025-08-10 18:46:23.669648+00:00,2025-08-10 18:41:23.336589+00:00,Minnesota
KXWNBAGAME-25AUG10SEALA-LA,KXWNBAGAME-25AUG10SEALA,Los Angeles,finalized,yes,1.0,2025-08-11 02:16:16.740061+00:00,2025-08-11 02:11:16.588197+00:00,Los Angeles
KXWNBAGAME-25AUG10SEALA-SEA,KXWNBAGAME-25AUG10SEALA,Seattle,finalized,no,0.0,2025-08-11 02:16:16.740061+00:00,2025-08-11 02:11:16.588197+00:00,Los Angeles
KXWNBAGAME-25AUG10WSHDAL-DAL,KXWNBAGAME-25AUG10WSHDAL,Dallas,finalized,no,0.0,2025-08-10 22:26:08.250170+00:00,2025-08-10 22:21:08.452291+00:00,Washington
KXWNBAGAME-25AUG10WSHDAL-WSH,KXWNBAGAME-25AUG10WSHDAL,Washington,finalized,yes,1.0,2025-08-10 22:26:08.250170+00:00,2025-08-10 22:21:08.452291+00:00,Washington
KXWNBAGAME-25AUG11CONNGS-CONN,KXWNBAGAME-25AUG11CONNGS,Connecticut,finalized,no,0.0,2025-08-12 04:18:44.939718+00:00,2025-08-12 04:13:44.316870+00:00,Golden State
KXWNBAGAME-25AUG11CONNGS-GS,KXWNBAGAME-25AUG11CONNGS,Golden State,finalized,yes,1.0,2025-08-12 04:18:44.939718+00:00,2025-08-12 04:13:44.316870+00:00,Golden State
KXWNBAGAME-25AUG12DALIND-DAL,KXWNBAGAME-25AUG12DALIND,Dallas,finalized,yes,1.0,2025-08-13 02:08:50.939851+00:00,2025-08-13 02:03:50.213676+00:00,Dallas
KXWNBAGAME-25AUG12DALIND-IND,KXWNBAGAME-25AUG12DALIND,Indiana,finalized,no,0.0,2025-08-13 02:08:50.939851+00:00,2025-08-13 02:03:50.213676+00:00,Dallas
KXWNBAGAME-25AUG12NYLA-LA,KXWNBAGAME-25AUG12NYLA,Los Angeles,finalized,no,0.0,2025-08-13 04:16:42.940098+00:00,2025-08-13 04:11:42.085929+00:00,New York
KXWNBAGAME-25AUG12NYLA-NY,KXWNBAGAME-25AUG12NYLA,New York,finalized,yes,1.0,2025-08-13 04:16:42.940098+00:00,2025-08-13 04:11:42.085929+00:00,New York
KXWNBAGAME-25AUG13ATLSEA-ATL,KXWNBAGAME-25AUG13ATLSEA,Atlanta,finalized,yes,1.0,2025-08-14 04:29:56.940583+00:00,2025-08-14 04:24:56.058836+00:00,Atlanta
KXWNBAGAME-25AUG13ATLSEA-SEA,KXWNBAGAME-25AUG13ATLSEA,Seattle,finalized,no,0.0,2025-08-14 04:29:56.940583+00:00,2025-08-14 04:24:56.058836+00:00,Atlanta
KXWNBAGAME-25AUG13CHICONN-CHI,KXWNBAGAME-25AUG13CHICONN,Chicago,finalized,no,0.0,2025-08-14 01:43:08.150042+00:00,2025-08-14 01:38:07.045679+00:00,Connecticut
KXWNBAGAME-25AUG13CHICONN-CONN,KXWNBAGAME-25AUG13CHICONN,Connecticut,finalized,yes,1.0,2025-08-14 01:43:08.150042+00:00,2025-08-14 01:38:07.045679+00:00,Connecticut
KXWNBAGAME-25AUG13GSWSH-GS,KXWNBAGAME-25AUG13GSWSH,Golden State,finalized,yes,1.0,2025-08-14 02:03:23.950882+00:00,2025-08-14 01:58:23.702739+00:00,Golden State
KXWNBAGAME-25AUG13GSWSH-WSH,KXWNBAGAME-25AUG13GSWSH,Washington,finalized,no,0.0,2025-08-14 02:03:23.950882+00:00,2025-08-14 01:58:23.702739+00:00,Golden State
KXWNBAGAME-25AUG13NYLV-LV,KXWNBAGAME-25AUG13NYLV,Las Vegas,finalized,yes,1.0,2025-08-14 04:13:00.940165+00:00,2025-08-14 04:08:00.685279+00:00,Las Vegas
KXWNBAGAME-25AUG13NYLV-NY,KXWNBAGAME-25AUG13NYLV,New York,finalized,no,0.0,2025-08-14 04:13:00.940165+00:00,2025-08-14 04:08:00.685279+00:00,Las Vegas
KXWNBAGAME-25AUG15GSCHI-CHI,KXWNBAGAME-25AUG15GSCHI,Chicago,finalized,no,0.0,2025-08-16 02:02:08.217518+00:00,2025-08-16 01:57:08.053026+00:00,Golden State
KXWNBAGAME-25AUG15GSCHI-GS,KXWNBAGAME-25AUG15GSCHI,Golden State,finalized,yes,1.0,2025-08-16 02:02:08.217518+00:00,2025-08-16 01:57:08.053026+00:00,Golden State
KXWNBAGAME-25AUG15LADAL-DAL,KXWNBAGAME-25AUG15LADAL,Dallas,finalized,no,0.0,2025-08-16 02:22:48.217460+00:00,2025-08-16 02:17:47.272312+00:00,Los Angeles
KXWNBAGAME-25AUG15LADAL-LA,KXWNBAGAME-25AUG15LADAL,Los Angeles,finalized,yes,1.0,2025-08-16 02:22:48.217460+00:00,2025-08-16 02:17:47.272312+00:00,Los Angeles
KXWNBAGAME-25AUG15LVPHX-LV,KXWNBAGAME-25AUG15LVPHX,Las Vegas,finalized,yes,1.0,2025-08-16 04:28:27.217012+00:00,2025-08-16 04:23:27.552483+00:00,Las Vegas
KXWNBAGAME-25AUG15LVPHX-PHX,KXWNBAGAME-25AUG15LVPHX,Phoenix,finalized,no,0.0,2025-08-16 04:28:27.217012+00:00,2025-08-16 04:23:27.552483+00:00,Las Vegas
KXWNBAGAME-25AUG15SEAATL-ATL,KXWNBAGAME-25AUG15SEAATL,Atlanta,finalized,no,0.0,2025-08-16 04:36:51.237992+00:00,2025-08-16 04:31:51.761800+00:00,Seattle
KXWNBAGAME-25AUG15SEAATL-SEA,KXWNBAGAME-25AUG15SEAATL,Seattle,finalized,yes,1.0,2025-08-16 04:36:51.237992+00:00,2025-08-16 04:31:51.761800+00:00,Seattle
KXWNBAGAME-25AUG15WSHIND-IND,KXWNBAGAME-25AUG15WSHIND,Indiana,finalized,no,0.0,2025-08-16 02:22:45.216949+00:00,2025-08-16 02:17:45.507937+00:00,Washington
KXWNBAGAME-25AUG15WSHIND-WSH,KXWNBAGAME-25AUG15WSHIND,Washington,finalized,yes,1.0,2025-08-16 02:22:45.216949+00:00,2025-08-16 02:17:45.507937+00:00,Washington
KXWNBAGAME-25AUG16NYMIN-MIN,KXWNBAGAME-25AUG16NYMIN,Minnesota,finalized,yes,1.0,2025-08-16 20:36:39.217371+00:00,2025-08-16 20:31:39.672021+00:00,Minnesota
KXWNBAGAME-25AUG16NYMIN-NY,KXWNBAGAME-25AUG16NYMIN,New York,finalized,no,0.0,2025-08-16 20:36:39.217371+00:00,2025-08-16 20:31:39.672021+00:00,Minnesota
KXWNBAGAME-25AUG17ATLGS-ATL,KXWNBAGAME-25AUG17ATLGS,Atlanta,finalized,yes,1.0,2025-08-18 02:53:36.827343+00:00,2025-08-18 02:48:36.407058+00:00,Atlanta
KXWNBAGAME-25AUG17ATLGS-GS,KXWNBAGAME-25AUG17ATLGS,Golden State,finalized,no,0.0,2025-08-18 02:53:36.827343+00:00,2025-08-18 02:48:36.407058+00:00,Atlanta
KXWNBAGAME-25AUG17DALLV-DAL,KXWNBAGAME-25AUG17DALLV,Dallas,finalized,no,0.0,2025-08-17 21:47:52.206961+00:00,2025-08-17 21:42:52.742447+00:00,Las Vegas
KXWNBAGAME-25AUG17DALLV-LV,KXWNBAGAME-25AUG17DALLV,Las Vegas,finalized,yes,1.0,2025-08-17 21:47:52.206961+00:00,2025-08-17 21:42:52.742447+00:00,Las Vegas
KXWNBAGAME-25AUG17INDCONN-CONN,KXWNBAGAME-25AUG17INDCONN,Connecticut,finalized,no,0.0,2025-08-17 20:03:46.217072+00:00,2025-08-17 19:58:46.520528+00:00,Indiana
KXWNBAGAME-25AUG17INDCONN-IND,KXWNBAGAME-25AUG17INDCONN,Indiana,finalized,yes,1.0,2025-08-17 20:03:46.217072+00:00,2025-08-17 19:58:46.520528+00:00,Indiana
KXWNBAGAME-25AUG17LAWSH-LA,KXWNBAGAME-25AUG17LAWSH,Los Angeles,finalized,no,0.0,2025-08-17 21:19:44.217256+00:00,2025-08-17 21:14:44.470708+00:00,Washington
KXWNBAGAME-25AUG17LAWSH-WSH,KXWNBAGAME-25AUG17LAWSH,Washington,finalized,yes,1.0,2025-08-17 21:19:44.217256+00:00,2025-08-17 21:14:44.470708+00:00,Washington
KXWNBAGAME-25AUG17PHXSEA-PHX,KXWNBAGAME-25AUG17PHXSEA,Phoenix,finalized,yes,1.0,2025-08-18 01:59:06.017832+00:00,2025-08-18 00:21:44.042495+00:00,Phoenix
KXWNBAGAME-25AUG17PHXSEA-SEA,KXWNBAGAME-25AUG17PHXSEA,Seattle,finalized,no,0.0,2025-08-18 01:59:06.017832+00:00,2025-08-18 00:21:44.042495+00:00,Phoenix
KXWNBAGAME-25AUG19ATLLV-ATL,KXWNBAGAME-25AUG19ATLLV,Atlanta,finalized,no,0.0,2025-08-20 04:36:32.812257+00:00,2025-08-20 04:31:32.634196+00:00,Las Vegas
KXWNBAGAME-25AUG19ATLLV-LV,KXWNBAGAME-25AUG19ATLLV,Las Vegas,finalized,yes,1.0,2025-08-20 04:36:32.812257+00:00,2025-08-20 04:31:32.634196+00:00,Las Vegas
KXWNBAGAME-25AUG19CONNWSH-CONN,KXWNBAGAME-25AUG19CONNWSH,Connecticut,finalized,yes,1.0,2025-08-20 02:04:07.812282+00:00,2025-08-20 01:59:07.335065+00:00,Connecticut
KXWNBAGAME-25AUG19CONNWSH-WSH,KXWNBAGAME-25AUG19CONNWSH,Washington,finalized,no,0.0,2025-08-20 02:04:07.812282+00:00,2025-08-20 01:59:07.335065+00:00,Connecticut
KXWNBAGAME-25AUG19MINNY-MIN,KXWNBAGAME-25AUG19MINNY,Minnesota,finalized,no,0.0,2025-08-20 01:47:33.812268+00:00,2025-08-20 01:42:33.569425+00:00,New York
KXWNBAGAME-25AUG19MINNY-NY,KXWNBAGAME-25AUG19MINNY,New York,finalized,yes,1.0,2025-08-20 01:47:33.812268+00:00,2025-08-20 01:42:33.569425+00:00,New York
KXWNBAGAME-25AUG19PHXGS-GS,KXWNBAGAME-25AUG19PHXGS,Golden State,finalized,no,0.0,2025-08-20 04:25:55.811749+00:00,2025-08-20 04:20:55.441893+00:00,Phoenix
KXWNBAGAME-25AUG19PHXGS-PHX,KXWNBAGAME-25AUG19PHXGS,Phoenix,finalized,yes,1.0,2025-08-20 04:25:55.811749+00:00,2025-08-20 04:20:55.441893+00:00,Phoenix
KXWNBAGAME-25AUG19SEACHI-CHI,KXWNBAGAME-25AUG19SEACHI,Chicago,finalized,no,0.0,2025-08-20 02:38:30.822220+00:00,2025-08-20 02:33:30.347494+00:00,Seattle
KXWNBAGAME-25AUG19SEACHI-SEA,KXWNBAGAME-25AUG19SEACHI,Seattle,finalized,yes,1.0,2025-08-20 02:38:30.822220+00:00,2025-08-20 02:33:30.347494+00:00,Seattle
KXWNBAGAME-25AUG20DALLA-DAL,KXWNBAGAME-25AUG20DALLA,Dallas,finalized,no,0.0,2025-08-21 04:20:11.821062+00:00,2025-08-21 04:15:11.766094+00:00,Los Angeles
KXWNBAGAME-25AUG20DALLA-LA,KXWNBAGAME-25AUG20DALLA,Los Angeles,finalized,yes,1.0,2025-08-21 04:20:11.821062+00:00,2025-08-21 04:15:11.766094+00:00,Los Angeles
KXWNBAGAME-25AUG21CHINY-CHI,KXWNBAGAME-25AUG21CHINY,Chicago,finalized,yes,1.0,2025-08-22 01:22:23.103486+00:00,2025-08-22 01:17:22.863988+00:00,Chicago
KXWNBAGAME-25AUG21CHINY-NY,KXWNBAGAME-25AUG21CHINY,New York,finalized,no,0.0,2025-08-22 01:22:23.103486+00:00,2025-08-22 01:17:22.863988+00:00,Chicago
KXWNBAGAME-25AUG21MINATL-ATL,KXWNBAGAME-25AUG21MINATL,Atlanta,finalized,yes,1.0,2025-08-22 01:58:05.094436+00:00,2025-08-22 01:53:05.871033+00:00,Atlanta
KXWNBAGAME-25AUG21MINATL-MIN,KXWNBAGAME-25AUG21MINATL,Minnesota,finalized,no,0.0,2025-08-22 01:58:05.094436+00:00,2025-08-22 01:53:05.871033+00:00,Atlanta
KXWNBAGAME-25AUG21PHXLV-LV,KXWNBAGAME-25AUG21PHXLV,Las Vegas,finalized,yes,1.0,2025-08-22 04:01:56.093460+00:00,2025-08-22 03:56:55.288856+00:00,Las Vegas
KXWNBAGAME-25AUG21PHXLV-PHX,KXWNBAGAME-25AUG21PHXLV,Phoenix,finalized,no,0.0,2025-08-22 04:01:56.093460+00:00,2025-08-22 03:56:55.288856+00:00,Las Vegas
KXWNBAGAME-25AUG21WSHCONN-CONN,KXWNBAGAME-25AUG21WSHCONN,Connecticut,finalized,yes,1.0,2025-08-22 01:19:44.093483+00:00,2025-08-22 01:14:43.728705+00:00,Connecticut
KXWNBAGAME-25AUG21WSHCONN-WSH,KXWNBAGAME-25AUG21WSHCONN,Washington,finalized,no,0.0,2025-08-22 01:19:44.093483+00:00,2025-08-22 01:14:43.728705+00:00,Connecticut
KXWNBAGAME-25AUG22GSPHX-GS,KXWNBAGAME-25AUG22GSPHX,Golden State,finalized,no,0.0,2025-08-23 04:14:55.705907+00:00,2025-08-23 04:09:55.811232+00:00,Phoenix
KXWNBAGAME-25AUG22GSPHX-PHX,KXWNBAGAME-25AUG22GSPHX,Phoenix,finalized,yes,1.0,2025-08-23 04:14:55.705907+00:00,2025-08-23 04:09:55.811232+00:00,Phoenix
KXWNBAGAME-25AUG22MININD-IND,KXWNBAGAME-25AUG22MININD,Indiana,finalized,no,0.0,2025-08-23 01:48:24.696148+00:00,2025-08-23 01:43:24.212724+00:00,Minnesota
KXWNBAGAME-25AUG22MININD-MIN,KXWNBAGAME-25AUG22MININD,Minnesota,finalized,yes,1.0,2025-08-23 01:48:24.696148+00:00,2025-08-23 01:43:24.212724+00:00,Minnesota
KXWNBAGAME-25AUG22SEADAL-DAL,KXWNBAGAME-25AUG22SEADAL,Dallas,finalized,no,0.0,2025-08-23 01:56:37.696254+00:00,2025-08-23 01:51:37.390439+00:00,Seattle
KXWNBAGAME-25AUG22SEADAL-SEA,KXWNBAGAME-25AUG22SEADAL,Seattle,finalized,yes,1.0,2025-08-23 01:56:37.696254+00:00,2025-08-23 01:51:37.390439+00:00,Seattle
KXWNBAGAME-25AUG23CONNCHI-CHI,KXWNBAGAME-25AUG23CONNCHI,Chicago,finalized,no,0.0,2025-08-23 23:13:45.694756+00:00,2025-08-23 23:08:45.356782+00:00,Connecticut
KXWNBAGAME-25AUG23CONNCHI-CONN,KXWNBAGAME-25AUG23CONNCHI,Connecticut,finalized,yes,1.0,2025-08-23 23:13:45.694756+00:00,2025-08-23 23:08:45.356782+00:00,Connecticut
KXWNBAGAME-25AUG23LVWSH-LV,KXWNBAGAME-25AUG23LVWSH,Las Vegas,finalized,yes,1.0,2025-08-23 22:27:12.695290+00:00,2025-08-23 22:22:09.690874+00:00,Las Vegas
KXWNBAGAME-25AUG23LVWSH-WSH,KXWNBAGAME-25AUG23LVWSH,Washington,finalized,no,0.0,2025-08-23 22:27:12.695290+00:00,2025-08-23 22:22:09.690874+00:00,Las Vegas
KXWNBAGAME-25AUG23NYATL-ATL,KXWNBAGAME-25AUG23NYATL,Atlanta,finalized,yes,1.0,2025-08-23 20:23:05.715280+00:00,2025-08-23 20:18:05.204531+00:00,Atlanta
KXWNBAGAME-25AUG23NYATL-NY,KXWNBAGAME-25AUG23NYATL,New York,finalized,no,0.0,2025-08-23 20:23:05.715280+00:00,2025-08-23 20:18:05.204531+00:00,Atlanta
KXWNBAGAME-25AUG24GSDAL-DAL,KXWNBAGAME-25AUG24GSDAL,Dallas,finalized,no,0.0,2025-08-24 23:19:27.695183+00:00,2025-08-24 23:14:27.047852+00:00,Golden State
KXWNBAGAME-25AUG24GSDAL-GS,KXWNBAGAME-25AUG24GSDAL,Golden State,finalized,yes,1.0,2025-08-24 23:19:27.695183+00:00,2025-08-24 23:14:27.047852+00:00,Golden State
KXWNBAGAME-25AUG24INDMIN-IND,KXWNBAGAME-25AUG24INDMIN,Indiana,finalized,no,0.0,2025-08-25 01:32:01.694832+00:00,2025-08-25 01:27:01.717532+00:00,Minnesota
KXWNBAGAME-25AUG24INDMIN-MIN,KXWNBAGAME-25AUG24INDMIN,Minnesota,finalized,yes,1.0,2025-08-25 01:32:01.694832+00:00,2025-08-25 01:27:01.717532+00:00,Minnesota
KXWNBAGAME-25AUG24SEAWSH-SEA,KXWNBAGAME-25AUG24SEAWSH,Seattle,finalized,yes,1.0,2025-08-24 21:48:09.695808+00:00,2025-08-24 21:43:09.524297+00:00,Seattle
KXWNBAGAME-25AUG24SEAWSH-WSH,KXWNBAGAME-25AUG24SEAWSH,Washington,finalized,no,0.0,2025-08-24 21:48:09.695808+00:00,2025-08-24 21:43:09.524297+00:00,Seattle
KXWNBAGAME-25AUG25CONNNY-CONN,KXWNBAGAME-25AUG25CONNNY,Connecticut,finalized,no,0.0,2025-08-26 01:34:24.696080+00:00,2025-08-26 01:29:24.320964+00:00,New York
KXWNBAGAME-25AUG25CONNNY-NY,KXWNBAGAME-25AUG25CONNNY,New York,finalized,yes,1.0,2025-08-26 01:34:24.696080+00:00,2025-08-26 01:29:24.320964+00:00,New York
KXWNBAGAME-25AUG25LVCHI-CHI,KXWNBAGAME-25AUG25LVCHI,Chicago,finalized,no,0.0,2025-08-26 02:31:28.696710+00:00,2025-08-26 02:26:28.480690+00:00,Las Vegas
KXWNBAGAME-25AUG25LVCHI-LV,KXWNBAGAME-25AUG25LVCHI,Las Vegas,finalized,yes,1.0,2025-08-26 02:31:28.696710+00:00,2025-08-26 02:26:28.480690+00:00,Las Vegas
KXWNBAGAME-25AUG26PHXLA-LA,KXWNBAGAME-25AUG26PHXLA,Los Angeles,finalized,no,0.0,2025-08-27 04:22:40.695086+00:00,2025-08-27 04:17:40.013766+00:00,Phoenix
KXWNBAGAME-25AUG26PHXLA-PHX,KXWNBAGAME-25AUG26PHXLA,Phoenix,finalized,yes,1.0,2025-08-27 04:22:40.695086+00:00,2025-08-27 04:17:40.013766+00:00,Phoenix
KXWNBAGAME-25AUG26SEAIND-IND,KXWNBAGAME-25AUG26SEAIND,Indiana,finalized,yes,1.0,2025-08-27 01:11:49.694522+00:00,2025-08-27 01:06:49.137600+00:00,Indiana
KXWNBAGAME-25AUG26SEAIND-SEA,KXWNBAGAME-25AUG26SEAIND,Seattle,finalized,no,0.0,2025-08-27 01:11:49.694522+00:00,2025-08-27 01:06:49.137600+00:00,Indiana
KXWNBAGAME-25AUG27CONNDAL-CONN,KXWNBAGAME-25AUG27CONNDAL,Connecticut,finalized,yes,1.0,2025-08-28 02:25:06.698099+00:00,2025-08-28 02:20:06.207179+00:00,Connecticut
KXWNBAGAME-25AUG27CONNDAL-DAL,KXWNBAGAME-25AUG27CONNDAL,Dallas,finalized,no,0.0,2025-08-28 02:25:06.698099+00:00,2025-08-28 02:20:06.207179+00:00,Connecticut
KXWNBAGAME-25AUG27LVATL-ATL,KXWNBAGAME-25AUG27LVATL,Atlanta,finalized,no,0.0,2025-08-28 01:41:50.698348+00:00,2025-08-28 01:36:50.263636+00:00,Las Vegas
KXWNBAGAME-25AUG27LVATL-LV,KXWNBAGAME-25AUG27LVATL,Las Vegas,finalized,yes,1.0,2025-08-28 01:41:50.698348+00:00,2025-08-28 01:36:50.263636+00:00,Las Vegas
KXWNBAGAME-25AUG28CHIPHX-CHI,KXWNBAGAME-25AUG28CHIPHX,Chicago,finalized,no,0.0,2025-08-29 04:28:44.505161+00:00,2025-08-29 04:23:44.367626+00:00,Phoenix
KXWNBAGAME-25AUG28CHIPHX-PHX,KXWNBAGAME-25AUG28CHIPHX,Phoenix,finalized,yes,1.0,2025-08-29 04:28:44.505161+00:00,2025-08-29 04:23:44.367626+00:00,Phoenix
KXWNBAGAME-25AUG28SEAMIN-MIN,KXWNBAGAME-25AUG28SEAMIN,Minnesota,finalized,no,0.0,2025-08-29 02:26:36.485091+00:00,2025-08-29 02:21:36.436678+00:00,Seattle
KXWNBAGAME-25AUG28SEAMIN-SEA,KXWNBAGAME-25AUG28SEAMIN,Seattle,finalized,yes,1.0,2025-08-29 02:26:36.485091+00:00,2025-08-29 02:21:36.436678+00:00,Seattle
KXWNBAGAME-25AUG28WSHNY-NY,KXWNBAGAME-25AUG28WSHNY,New York,finalized,yes,1.0,2025-08-29 01:13:06.485388+00:00,2025-08-29 01:08:06.477834+00:00,New York
KXWNBAGAME-25AUG28WSHNY-WSH,KXWNBAGAME-25AUG28WSHNY,Washington,finalized,no,0.0,2025-08-29 01:13:06.485388+00:00,2025-08-29 01:08:06.477834+00:00,New York
KXWNBAGAME-25AUG29DALATL-ATL,KXWNBAGAME-25AUG29DALATL,Atlanta,finalized,yes,1.0,2025-08-30 02:16:41.714977+00:00,2025-08-30 02:11:41.257933+00:00,Atlanta
KXWNBAGAME-25AUG29DALATL-DAL,KXWNBAGAME-25AUG29DALATL,Dallas,finalized,no,0.0,2025-08-30 02:16:41.714977+00:00,2025-08-30 02:11:41.257933+00:00,Atlanta
KXWNBAGAME-25AUG29INDLA-IND,KXWNBAGAME-25AUG29INDLA,Indiana,finalized,yes,1.0,2025-08-30 04:44:53.479994+00:00,2025-08-30 04:39:53.382763+00:00,Indiana
KXWNBAGAME-25AUG29INDLA-LA,KXWNBAGAME-25AUG29INDLA,Los Angeles,finalized,no,0.0,2025-08-30 04:44:53.479994+00:00,2025-08-30 04:39:53.382763+00:00,Indiana
KXWNBAGAME-25AUG30CHISEA-CHI,KXWNBAGAME-25AUG30CHISEA,Chicago,finalized,no,0.0,2025-08-31 03:18:55.480001+00:00,2025-08-31 03:13:55.116176+00:00,Seattle
KXWNBAGAME-25AUG30CHISEA-SEA,KXWNBAGAME-25AUG30CHISEA,Seattle,finalized,yes,1.0,2025-08-31 03:18:55.480001+00:00,2025-08-31 03:13:55.116176+00:00,Seattle
KXWNBAGAME-25AUG30MINCONN-CONN,KXWNBAGAME-25AUG30MINCONN,Connecticut,finalized,no,0.0,2025-08-31 01:14:56.479235+00:00,2025-08-31 01:09:56.705733+00:00,Minnesota
KXWNBAGAME-25AUG30MINCONN-MIN,KXWNBAGAME-25AUG30MINCONN,Minnesota,finalized,yes,1.0,2025-08-31 01:14:56.479235+00:00,2025-08-31 01:09:56.705733+00:00,Minnesota
KXWNBAGAME-25AUG30NYPHX-NY,KXWNBAGAME-25AUG30NYPHX,New York,finalized,no,0.0,2025-08-31 04:15:33.479211+00:00,2025-08-31 04:10:33.662743+00:00,Phoenix
KXWNBAGAME-25AUG30NYPHX-PHX,KXWNBAGAME-25AUG30NYPHX,Phoenix,finalized,yes,1.0,2025-08-31 04:15:33.479211+00:00,2025-08-31 04:10:33.662743+00:00,Phoenix
KXWNBAGAME-25AUG30WSHGS-GS,KXWNBAGAME-25AUG30WSHGS,Golden State,finalized,yes,1.0,2025-08-31 02:52:16.479732+00:00,2025-08-31 02:47:15.963214+00:00,Golden State
KXWNBAGAME-25AUG30WSHGS-WSH,KXWNBAGAME-25AUG30WSHGS,Washington,finalized,no,0.0,2025-08-31 02:52:16.479732+00:00,2025-08-31 02:47:15.963214+00:00,Golden State
KXWNBAGAME-25AUG31INDGS-GS,KXWNBAGAME-25AUG31INDGS,Golden State,finalized,yes,1.0,2025-09-01 03:37:57.485130+00:00,2025-09-01 03:32:57.203890+00:00,Golden State
KXWNBAGAME-25AUG31INDGS-IND,KXWNBAGAME-25AUG31INDGS,Indiana,finalized,no,0.0,2025-09-01 03:37:57.485130+00:00,2025-09-01 03:32:57.203890+00:00,Golden State
KXWNBAGAME-25AUG31WSHLA-LA,KXWNBAGAME-25AUG31WSHLA,Los Angeles,finalized,yes,1.0,2025-09-01 02:12:48.685039+00:00,2025-09-01 02:07:43.808304+00:00,Los Angeles
KXWNBAGAME-25AUG31WSHLA-WSH,KXWNBAGAME-25AUG31WSHLA,Washington,finalized,no,0.0,2025-09-01 02:12:48.685039+00:00,2025-09-01 02:07:43.808304+00:00,Los Angeles
KXWNBAGAME-25JUL01INDMIN-IND,KXWNBAGAME-25JUL01INDMIN,Indiana,finalized,yes,1.0,2025-07-02 03:38:42.575846+00:00,2025-07-02 03:33:39.299426+00:00,Indiana
KXWNBAGAME-25JUL01INDMIN-MIN,KXWNBAGAME-25JUL01INDMIN,Minnesota,finalized,no,0.0,2025-07-02 03:38:42.575846+00:00,2025-07-02 03:33:39.299426+00:00,Indiana
KXWNBAGAME-25JUL03LANY-LA,KXWNBAGAME-25JUL03LANY,Los Angeles,finalized,no,0.0,2025-07-04 01:19:38.790158+00:00,2025-07-04 01:14:38.535907+00:00,New York
KXWNBAGAME-25JUL03LANY-NY,KXWNBAGAME-25JUL03LANY,New York,finalized,yes,1.0,2025-07-04 01:19:38.790158+00:00,2025-07-04 01:14:38.535907+00:00,New York
KXWNBAGAME-25JUL03LVIND-IND,KXWNBAGAME-25JUL03LVIND,Indiana,finalized,yes,1.0,2025-07-04 01:27:44.789711+00:00,2025-07-04 01:22:44.811690+00:00,Indiana
KXWNBAGAME-25JUL03LVIND-LV,KXWNBAGAME-25JUL03LVIND,Las Vegas,finalized,no,0.0,2025-07-04 01:27:44.789711+00:00,2025-07-04 01:22:44.811690+00:00,Indiana
KXWNBAGAME-25JUL03PHXDAL-DAL,KXWNBAGAME-25JUL03PHXDAL,Dallas,finalized,yes,1.0,2025-07-04 02:41:35.789920+00:00,2025-07-04 02:36:35.733009+00:00,Dallas
KXWNBAGAME-25JUL03PHXDAL-PHX,KXWNBAGAME-25JUL03PHXDAL,Phoenix,finalized,no,0.0,2025-07-04 02:41:35.789920+00:00,2025-07-04 02:36:35.733009+00:00,Dallas
KXWNBAGAME-25JUL03SEAATL-ATL,KXWNBAGAME-25JUL03SEAATL,Atlanta,finalized,no,0.0,2025-07-04 01:53:24.789662+00:00,2025-07-04 01:48:24.139048+00:00,Seattle
KXWNBAGAME-25JUL03SEAATL-SEA,KXWNBAGAME-25JUL03SEAATL,Seattle,finalized,yes,1.0,2025-07-04 01:53:24.789662+00:00,2025-07-04 01:48:24.139048+00:00,Seattle
KXWNBAGAME-25JUL03WSHMIN-MIN,KXWNBAGAME-25JUL03WSHMIN,Minnesota,finalized,yes,1.0,2025-07-04 02:09:12.789450+00:00,2025-07-04 02:04:12.636249+00:00,Minnesota
KXWNBAGAME-25JUL03WSHMIN-WSH,KXWNBAGAME-25JUL03WSHMIN,Washington,finalized,no,0.0,2025-07-04 02:09:12.789450+00:00,2025-07-04 02:04:12.636249+00:00,Minnesota
KXWNBAGAME-25JUL05GSMIN-GS,KXWNBAGAME-25JUL05GSMIN,Golden State,finalized,no,0.0,2025-07-06 02:11:44.788705+00:00,2025-07-06 02:06:44.107678+00:00,Minnesota
KXWNBAGAME-25JUL05GSMIN-MIN,KXWNBAGAME-25JUL05GSMIN,Minnesota,finalized,yes,1.0,2025-07-06 02:11:44.788705+00:00,2025-07-06 02:06:44.107678+00:00,Minnesota
KXWNBAGAME-25JUL05LAIND-IND,KXWNBAGAME-25JUL05LAIND,Indiana,finalized,no,0.0,2025-07-06 01:37:32.788791+00:00,2025-07-06 01:32:31.921483+00:00,Los Angeles
KXWNBAGAME-25JUL05LAIND-LA,KXWNBAGAME-25JUL05LAIND,Los Angeles,finalized,yes,1.0,2025-07-06 01:37:32.788791+00:00,2025-07-06 01:32:31.921483+00:00,Los Angeles
KXWNBAGAME-25JUL06CHIMIN-CHI,KXWNBAGAME-25JUL06CHIMIN,Chicago,finalized,no,0.0,2025-07-07 01:15:47.792945+00:00,2025-07-07 01:10:47.310937+00:00,Minnesota
KXWNBAGAME-25JUL06CHIMIN-MIN,KXWNBAGAME-25JUL06CHIMIN,Minnesota,finalized,yes,1.0,2025-07-07 01:15:47.792945+00:00,2025-07-07 01:10:47.310937+00:00,Minnesota
KXWNBAGAME-25JUL06LVCONN-CONN,KXWNBAGAME-25JUL06LVCONN,Connecticut,finalized,no,0.0,2025-07-06 22:09:26.782161+00:00,2025-07-06 22:04:26.548977+00:00,Las Vegas
KXWNBAGAME-25JUL06LVCONN-LV,KXWNBAGAME-25JUL06LVCONN,Las Vegas,finalized,yes,1.0,2025-07-06 22:09:26.782161+00:00,2025-07-06 22:04:26.548977+00:00,Las Vegas
KXWNBAGAME-25JUL06SEANY-NY,KXWNBAGAME-25JUL06SEANY,New York,finalized,no,0.0,2025-07-06 19:15:43.874716+00:00,2025-07-06 19:10:43.398353+00:00,Seattle
KXWNBAGAME-25JUL06SEANY-SEA,KXWNBAGAME-25JUL06SEANY,Seattle,finalized,yes,1.0,2025-07-06 19:15:43.874716+00:00,2025-07-06 19:10:43.398353+00:00,Seattle
KXWNBAGAME-25JUL07DALPHX-DAL,KXWNBAGAME-25JUL07DALPHX,Dallas,finalized,no,0.0,2025-07-08 04:08:55.995028+00:00,2025-07-08 04:03:55.672818+00:00,Phoenix
KXWNBAGAME-25JUL07DALPHX-PHX,KXWNBAGAME-25JUL07DALPHX,Phoenix,finalized,yes,1.0,2025-07-08 04:08:55.995028+00:00,2025-07-08 04:03:55.672818+00:00,Phoenix
KXWNBAGAME-25JUL07GSATL-ATL,KXWNBAGAME-25JUL07GSATL,Atlanta,finalized,yes,1.0,2025-07-08 01:45:59.994690+00:00,2025-07-08 01:40:59.225334+00:00,Atlanta
KXWNBAGAME-25JUL07GSATL-GS,KXWNBAGAME-25JUL07GSATL,Golden State,finalized,no,0.0,2025-07-08 01:45:59.994690+00:00,2025-07-08 01:40:59.225334+00:00,Atlanta
KXWNBAGAME-25JUL08CHIWSH-CHI,KXWNBAGAME-25JUL08CHIWSH,Chicago,finalized,no,0.0,2025-07-08 18:13:40.586679+00:00,2025-07-08 18:08:40.827909+00:00,Washington
KXWNBAGAME-25JUL08CHIWSH-WSH,KXWNBAGAME-25JUL08CHIWSH,Washington,finalized,yes,1.0,2025-07-08 18:13:40.586679+00:00,2025-07-08 18:08:40.827909+00:00,Washington
KXWNBAGAME-25JUL08LVNY-LV,KXWNBAGAME-25JUL08LVNY,Las Vegas,finalized,no,0.0,2025-07-09 02:27:39.587061+00:00,2025-07-09 02:22:39.041195+00:00,New York
KXWNBAGAME-25JUL08LVNY-NY,KXWNBAGAME-25JUL08LVNY,New York,finalized,yes,1.0,2025-07-09 02:27:39.587061+00:00,2025-07-09 02:22:39.041195+00:00,New York
KXWNBAGAME-25JUL09DALCHI-CHI,KXWNBAGAME-25JUL09DALCHI,Chicago,finalized,yes,1.0,2025-07-10 02:33:18.397389+00:00,2025-07-10 02:28:18.139991+00:00,Chicago
KXWNBAGAME-25JUL09DALCHI-DAL,KXWNBAGAME-25JUL09DALCHI,Dallas,finalized,no,0.0,2025-07-10 02:33:18.397389+00:00,2025-07-10 02:28:18.139991+00:00,Chicago
KXWNBAGAME-25JUL09GSIND-GS,KXWNBAGAME-25JUL09GSIND,Golden State,finalized,yes,1.0,2025-07-09 18:11:58.397098+00:00,2025-07-09 18:06:58.409289+00:00,Golden State
KXWNBAGAME-25JUL09GSIND-IND,KXWNBAGAME-25JUL09GSIND,Indiana,finalized,no,0.0,2025-07-09 18:11:58.397098+00:00,2025-07-09 18:06:58.409289+00:00,Golden State
KXWNBAGAME-25JUL09MINPHX-MIN,KXWNBAGAME-25JUL09MINPHX,Minnesota,finalized,no,0.0,2025-07-09 21:43:19.397747+00:00,2025-07-09 21:38:19.179930+00:00,Phoenix
KXWNBAGAME-25JUL09MINPHX-PHX,KXWNBAGAME-25JUL09MINPHX,Phoenix,finalized,yes,1.0,2025-07-09 21:43:19.397747+00:00,2025-07-09 21:38:19.179930+00:00,Phoenix
KXWNBAGAME-25JUL09SEACONN-CONN,KXWNBAGAME-25JUL09SEACONN,Connecticut,finalized,yes,1.0,2025-07-09 17:15:34.395072+00:00,2025-07-09 17:10:34.190024+00:00,Connecticut
KXWNBAGAME-25JUL09SEACONN-SEA,KXWNBAGAME-25JUL09SEACONN,Seattle,finalized,no,0.0,2025-07-09 17:15:34.395072+00:00,2025-07-09 17:10:34.190024+00:00,Connecticut
KXWNBAGAME-25JUL10LVWSH-LV,KXWNBAGAME-25JUL10LVWSH,Las Vegas,finalized,no,0.0,2025-07-11 02:01:33.394982+00:00,2025-07-11 01:56:33.020877+00:00,Washington
KXWNBAGAME-25JUL10LVWSH-WSH,KXWNBAGAME-25JUL10LVWSH,Washington,finalized,yes,1.0,2025-07-11 02:01:33.394982+00:00,2025-07-11 01:56:33.020877+00:00,Washington
KXWNBAGAME-25JUL10MINLA-LA,KXWNBAGAME-25JUL10MINLA,Los Angeles,finalized,no,0.0,2025-07-10 21:11:13.395230+00:00,2025-07-10 21:06:13.391581+00:00,Minnesota
KXWNBAGAME-25JUL10MINLA-MIN,KXWNBAGAME-25JUL10MINLA,Minnesota,finalized,yes,1.0,2025-07-10 21:11:13.395230+00:00,2025-07-10 21:06:13.391581+00:00,Minnesota
KXWNBAGAME-25JUL11ATLIND-ATL,KXWNBAGAME-25JUL11ATLIND,Atlanta,finalized,no,0.0,2025-07-12 01:57:41.395476+00:00,2025-07-12 01:52:41.847379+00:00,Indiana
KXWNBAGAME-25JUL11ATLIND-IND,KXWNBAGAME-25JUL11ATLIND,Indiana,finalized,yes,1.0,2025-07-12 01:57:41.395476+00:00,2025-07-12 01:52:41.847379+00:00,Indiana
KXWNBAGAME-25JUL11CONNSEA-CONN,KXWNBAGAME-25JUL11CONNSEA,Connecticut,finalized,no,0.0,2025-07-12 04:21:30.395149+00:00,2025-07-12 04:16:30.329010+00:00,Seattle
KXWNBAGAME-25JUL11CONNSEA-SEA,KXWNBAGAME-25JUL11CONNSEA,Seattle,finalized,yes,1.0,2025-07-12 04:21:30.395149+00:00,2025-07-12 04:16:30.329010+00:00,Seattle
KXWNBAGAME-25JUL12GSLV-GS,KXWNBAGAME-25JUL12GSLV,Golden State,finalized,no,0.0,2025-07-12 22:47:24.395540+00:00,2025-07-12 22:42:24.535532+00:00,Las Vegas
KXWNBAGAME-25JUL12GSLV-LV,KXWNBAGAME-25JUL12GSLV,Las Vegas,finalized,yes,1.0,2025-07-12 22:47:24.395540+00:00,2025-07-12 22:42:24.535532+00:00,Las Vegas
KXWNBAGAME-25JUL12MINCHI-CHI,KXWNBAGAME-25JUL12MINCHI,Chicago,finalized,yes,1.0,2025-07-12 19:25:32.395132+00:00,2025-07-12 19:20:32.771360+00:00,Chicago
KXWNBAGAME-25JUL12MINCHI-MIN,KXWNBAGAME-25JUL12MINCHI,Minnesota,finalized,no,0.0,2025-07-12 19:25:32.395132+00:00,2025-07-12 19:20:32.771360+00:00,Chicago
KXWNBAGAME-25JUL13ATLNY-ATL,KXWNBAGAME-25JUL13ATLNY,Atlanta,finalized,no,0.0,2025-07-13 21:25:59.395394+00:00,2025-07-13 21:20:59.609831+00:00,New York
KXWNBAGAME-25JUL13ATLNY-NY,KXWNBAGAME-25JUL13ATLNY,New York,finalized,yes,1.0,2025-07-13 21:25:59.395394+00:00,2025-07-13 21:20:59.609831+00:00,New York
KXWNBAGAME-25JUL13CONNLA-CONN,KXWNBAGAME-25JUL13CONNLA,Connecticut,finalized,no,0.0,2025-07-14 00:19:18.395992+00:00,2025-07-14 00:14:18.134015+00:00,Los Angeles
KXWNBAGAME-25JUL13CONNLA-LA,KXWNBAGAME-25JUL13CONNLA,Los Angeles,finalized,yes,1.0,2025-07-14 00:19:18.395992+00:00,2025-07-14 00:14:18.134015+00:00,Los Angeles
KXWNBAGAME-25JUL13DALIND-DAL,KXWNBAGAME-25JUL13DALIND,Dallas,finalized,no,0.0,2025-07-13 19:11:43.795125+00:00,2025-07-13 19:06:43.119577+00:00,Indiana
KXWNBAGAME-25JUL13DALIND-IND,KXWNBAGAME-25JUL13DALIND,Indiana,finalized,yes,1.0,2025-07-13 19:11:43.795125+00:00,2025-07-13 19:06:43.119577+00:00,Indiana
KXWNBAGAME-25JUL13WSHSEA-SEA,KXWNBAGAME-25JUL13WSHSEA,Seattle,finalized,no,0.0,2025-07-14 00:19:18.415300+00:00,2025-07-14 00:14:18.874368+00:00,Washington
KXWNBAGAME-25JUL13WSHSEA-WSH,KXWNBAGAME-25JUL13WSHSEA,Washington,finalized,yes,1.0,2025-07-14 00:19:18.415300+00:00,2025-07-14 00:14:18.874368+00:00,Washington
KXWNBAGAME-25JUL14MINCHI-CHI,KXWNBAGAME-25JUL14MINCHI,Chicago,finalized,no,0.0,2025-07-15 02:08:15.994525+00:00,2025-07-15 02:03:15.302938+00:00,Minnesota
KXWNBAGAME-25JUL14MINCHI-MIN,KXWNBAGAME-25JUL14MINCHI,Minnesota,finalized,yes,1.0,2025-07-15 02:08:15.994525+00:00,2025-07-15 02:03:15.302938+00:00,Minnesota
KXWNBAGAME-25JUL14PHXGS-GS,KXWNBAGAME-25JUL14PHXGS,Golden State,finalized,no,0.0,2025-07-15 04:29:46.994679+00:00,2025-07-15 04:24:46.524133+00:00,Phoenix
KXWNBAGAME-25JUL14PHXGS-PHX,KXWNBAGAME-25JUL14PHXGS,Phoenix,finalized,yes,1.0,2025-07-15 04:29:46.994679+00:00,2025-07-15 04:24:46.524133+00:00,Phoenix
KXWNBAGAME-25JUL15INDCONN-CONN,KXWNBAGAME-25JUL15INDCONN,Connecticut,finalized,no,0.0,2025-07-16 02:23:13.483616+00:00,2025-07-16 02:18:13.078716+00:00,Indiana
KXWNBAGAME-25JUL15INDCONN-IND,KXWNBAGAME-25JUL15INDCONN,Indiana,finalized,yes,1.0,2025-07-16 02:23:13.483616+00:00,2025-07-16 02:18:13.078716+00:00,Indiana
KXWNBAGAME-25JUL15WSHLA-LA,KXWNBAGAME-25JUL15WSHLA,Los Angeles,finalized,yes,1.0,2025-07-16 04:11:38.393296+00:00,2025-07-16 04:06:38.367152+00:00,Los Angeles
KXWNBAGAME-25JUL15WSHLA-WSH,KXWNBAGAME-25JUL15WSHLA,Washington,finalized,no,0.0,2025-07-16 04:11:38.393296+00:00,2025-07-16 04:06:38.367152+00:00,Los Angeles
KXWNBAGAME-25JUL16ATLCHI-ATL,KXWNBAGAME-25JUL16ATLCHI,Atlanta,finalized,yes,1.0,2025-07-16 18:03:46.395459+00:00,2025-07-16 17:58:46.533832+00:00,Atlanta
KXWNBAGAME-25JUL16ATLCHI-CHI,KXWNBAGAME-25JUL16ATLCHI,Chicago,finalized,no,0.0,2025-07-16 18:03:46.395459+00:00,2025-07-16 17:58:46.533832+00:00,Atlanta
KXWNBAGAME-25JUL16GSSEA-GS,KXWNBAGAME-25JUL16GSSEA,Golden State,finalized,no,0.0,2025-07-16 21:29:10.195578+00:00,2025-07-16 21:24:10.589441+00:00,Seattle
KXWNBAGAME-25JUL16GSSEA-SEA,KXWNBAGAME-25JUL16GSSEA,Seattle,finalized,yes,1.0,2025-07-16 21:29:10.195578+00:00,2025-07-16 21:24:10.589441+00:00,Seattle
KXWNBAGAME-25JUL16INDNY-IND,KXWNBAGAME-25JUL16INDNY,Indiana,finalized,no,0.0,2025-07-17 01:35:27.395109+00:00,2025-07-17 01:30:27.306846+00:00,New York
KXWNBAGAME-25JUL16INDNY-NY,KXWNBAGAME-25JUL16INDNY,New York,finalized,yes,1.0,2025-07-17 01:35:27.395109+00:00,2025-07-17 01:30:27.306846+00:00,New York
KXWNBAGAME-25JUL16LVDAL-DAL,KXWNBAGAME-25JUL16LVDAL,Dallas,finalized,no,0.0,2025-07-17 02:15:53.195230+00:00,2025-07-17 02:10:53.753329+00:00,Las Vegas
KXWNBAGAME-25JUL16LVDAL-LV,KXWNBAGAME-25JUL16LVDAL,Las Vegas,finalized,yes,1.0,2025-07-17 02:15:53.195230+00:00,2025-07-17 02:10:53.753329+00:00,Las Vegas
KXWNBAGAME-25JUL16PHXMIN-MIN,KXWNBAGAME-25JUL16PHXMIN,Minnesota,finalized,yes,1.0,2025-07-16 19:10:58.385357+00:00,2025-07-16 19:05:58.166294+00:00,Minnesota
KXWNBAGAME-25JUL16PHXMIN-PHX,KXWNBAGAME-25JUL16PHXMIN,Phoenix,finalized,no,0.0,2025-07-16 19:10:58.385357+00:00,2025-07-16 19:05:58.166294+00:00,Minnesota
KXWNBAGAME-25JUL19COLCLA-CLA,KXWNBAGAME-25JUL19COLCLA,Team Clark,finalized,no,0.0,2025-07-20 02:51:18.402551+00:00,2025-07-20 02:46:18.523208+00:00,Team Collier
KXWNBAGAME-25JUL19COLCLA-COL,KXWNBAGAME-25JUL19COLCLA,Team Collier,finalized,yes,1.0,2025-07-20 02:51:18.402551+00:00,2025-07-20 02:46:18.523208+00:00,Team Collier
KXWNBAGAME-25JUL22ATLLV-ATL,KXWNBAGAME-25JUL22ATLLV,Atlanta,finalized,no,0.0,2025-07-23 04:23:13.589541+00:00,2025-07-23 04:18:13.067951+00:00,Las Vegas
KXWNBAGAME-25JUL22ATLLV-LV,KXWNBAGAME-25JUL22ATLLV,Las Vegas,finalized,yes,1.0,2025-07-23 04:23:13.589541+00:00,2025-07-23 04:18:13.067951+00:00,Las Vegas
KXWNBAGAME-25JUL22CHIMIN-CHI,KXWNBAGAME-25JUL22CHIMIN,Chicago,finalized,no,0.0,2025-07-23 02:13:31.589012+00:00,2025-07-23 02:08:31.402962+00:00,Minnesota
KXWNBAGAME-25JUL22CHIMIN-MIN,KXWNBAGAME-25JUL22CHIMIN,Minnesota,finalized,yes,1.0,2025-07-23 02:13:31.589012+00:00,2025-07-23 02:08:31.402962+00:00,Minnesota
KXWNBAGAME-25JUL22DALSEA-DAL,KXWNBAGAME-25JUL22DALSEA,Dallas,finalized,yes,1.0,2025-07-23 04:11:37.589609+00:00,2025-07-23 04:06:37.880734+00:00,Dallas
KXWNBAGAME-25JUL22DALSEA-SEA,KXWNBAGAME-25JUL22DALSEA,Seattle,finalized,no,0.0,2025-07-23 04:11:37.589609+00:00,2025-07-23 04:06:37.880734+00:00,Dallas
KXWNBAGAME-25JUL22INDNY-IND,KXWNBAGAME-25JUL22INDNY,Indiana,finalized,no,0.0,2025-07-23 02:23:13.598946+00:00,2025-07-23 02:18:13.587507+00:00,New York
KXWNBAGAME-25JUL22INDNY-NY,KXWNBAGAME-25JUL22INDNY,New York,finalized,yes,1.0,2025-07-23 02:23:13.598946+00:00,2025-07-23 02:18:13.587507+00:00,New York
KXWNBAGAME-25JUL22LAWSH-LA,KXWNBAGAME-25JUL22LAWSH,Los Angeles,finalized,yes,1.0,2025-07-23 01:49:14.589045+00:00,2025-07-23 01:44:14.372708+00:00,Los Angeles
KXWNBAGAME-25JUL22LAWSH-WSH,KXWNBAGAME-25JUL22LAWSH,Washington,finalized,no,0.0,2025-07-23 01:49:14.589045+00:00,2025-07-23 01:44:14.372708+00:00,Los Angeles
KXWNBAGAME-25JUL23ATLPHX-ATL,KXWNBAGAME-25JUL23ATLPHX,Atlanta,finalized,yes,1.0,2025-07-24 04:19:11.598734+00:00,2025-07-24 04:14:11.486192+00:00,Atlanta
KXWNBAGAME-25JUL23ATLPHX-PHX,KXWNBAGAME-25JUL23ATLPHX,Phoenix,finalized,no,0.0,2025-07-24 04:19:11.598734+00:00,2025-07-24 04:14:11.486192+00:00,Atlanta
KXWNBAGAME-25JUL24LACONN-CONN,KXWNBAGAME-25JUL24LACONN,Connecticut,finalized,no,0.0,2025-07-25 01:13:38.985489+00:00,2025-07-25 01:08:38.471639+00:00,Los Angeles
KXWNBAGAME-25JUL24LACONN-LA,KXWNBAGAME-25JUL24LACONN,Los Angeles,finalized,yes,1.0,2025-07-25 01:13:38.985489+00:00,2025-07-25 01:08:38.471639+00:00,Los Angeles
KXWNBAGAME-25JUL24LVIND-IND,KXWNBAGAME-25JUL24LVIND,Indiana,finalized,yes,1.0,2025-07-25 01:25:58.995646+00:00,2025-07-25 01:20:58.398141+00:00,Indiana
KXWNBAGAME-25JUL24LVIND-LV,KXWNBAGAME-25JUL24LVIND,Las Vegas,finalized,no,0.0,2025-07-25 01:25:58.995646+00:00,2025-07-25 01:20:58.398141+00:00,Indiana
KXWNBAGAME-25JUL24SEACHI-CHI,KXWNBAGAME-25JUL24SEACHI,Chicago,finalized,no,0.0,2025-07-25 02:39:12.985482+00:00,2025-07-25 02:34:12.688321+00:00,Seattle
KXWNBAGAME-25JUL24SEACHI-SEA,KXWNBAGAME-25JUL24SEACHI,Seattle,finalized,yes,1.0,2025-07-25 02:39:12.985482+00:00,2025-07-25 02:34:12.688321+00:00,Seattle
KXWNBAGAME-25JUL25DALGS-DAL,KXWNBAGAME-25JUL25DALGS,Dallas,finalized,no,0.0,2025-07-26 04:21:36.250338+00:00,2025-07-26 04:16:35.870849+00:00,Golden State
KXWNBAGAME-25JUL25DALGS-GS,KXWNBAGAME-25JUL25DALGS,Golden State,finalized,yes,1.0,2025-07-26 04:21:36.250338+00:00,2025-07-26 04:16:35.870849+00:00,Golden State
KXWNBAGAME-25JUL25LVMIN-LV,KXWNBAGAME-25JUL25LVMIN,Las Vegas,finalized,no,0.0,2025-07-26 01:45:52.250347+00:00,2025-07-26 01:40:52.210745+00:00,Minnesota
KXWNBAGAME-25JUL25LVMIN-MIN,KXWNBAGAME-25JUL25LVMIN,Minnesota,finalized,yes,1.0,2025-07-26 01:45:52.250347+00:00,2025-07-26 01:40:52.210745+00:00,Minnesota
KXWNBAGAME-25JUL25PHXNY-NY,KXWNBAGAME-25JUL25PHXNY,New York,finalized,yes,1.0,2025-07-26 01:51:39.251122+00:00,2025-07-26 01:46:36.845664+00:00,New York
KXWNBAGAME-25JUL25PHXNY-PHX,KXWNBAGAME-25JUL25PHXNY,Phoenix,finalized,no,0.0,2025-07-26 01:51:39.251122+00:00,2025-07-26 01:46:36.845664+00:00,New York
KXWNBAGAME-25JUL26LANY-LA,KXWNBAGAME-25JUL26LANY,Los Angeles,finalized,yes,1.0,2025-07-27 01:11:37.250532+00:00,2025-07-27 01:06:37.534162+00:00,Los Angeles
KXWNBAGAME-25JUL26LANY-NY,KXWNBAGAME-25JUL26LANY,New York,finalized,no,0.0,2025-07-27 01:11:37.250532+00:00,2025-07-27 01:06:37.534162+00:00,Los Angeles
KXWNBAGAME-25JUL26SEAWSH-SEA,KXWNBAGAME-25JUL26SEAWSH,Seattle,finalized,no,0.0,2025-07-27 01:43:21.250407+00:00,2025-07-27 01:38:21.054443+00:00,Washington
KXWNBAGAME-25JUL26SEAWSH-WSH,KXWNBAGAME-25JUL26SEAWSH,Washington,finalized,yes,1.0,2025-07-27 01:43:21.250407+00:00,2025-07-27 01:38:21.054443+00:00,Washington
KXWNBAGAME-25JUL27ATLMIN-ATL,KXWNBAGAME-25JUL27ATLMIN,Atlanta,finalized,yes,1.0,2025-07-28 01:25:47.451111+00:00,2025-07-28 01:20:47.262599+00:00,Atlanta
KXWNBAGAME-25JUL27ATLMIN-MIN,KXWNBAGAME-25JUL27ATLMIN,Minnesota,finalized,no,0.0,2025-07-28 01:25:47.451111+00:00,2025-07-28 01:20:47.262599+00:00,Atlanta
KXWNBAGAME-25JUL27GSCONN-CONN,KXWNBAGAME-25JUL27GSCONN,Connecticut,finalized,yes,1.0,2025-07-27 19:25:45.260512+00:00,2025-07-27 19:20:45.556918+00:00,Connecticut
KXWNBAGAME-25JUL27GSCONN-GS,KXWNBAGAME-25JUL27GSCONN,Golden State,finalized,no,0.0,2025-07-27 19:25:45.260512+00:00,2025-07-27 19:20:45.556918+00:00,Connecticut
KXWNBAGAME-25JUL27INDCHI-CHI,KXWNBAGAME-25JUL27INDCHI,Chicago,finalized,no,0.0,2025-07-27 21:21:34.650619+00:00,2025-07-27 21:16:34.104916+00:00,Indiana
KXWNBAGAME-25JUL27INDCHI-IND,KXWNBAGAME-25JUL27INDCHI,Indiana,finalized,yes,1.0,2025-07-27 21:21:34.650619+00:00,2025-07-27 21:16:34.104916+00:00,Indiana
KXWNBAGAME-25JUL27LVDAL-DAL,KXWNBAGAME-25JUL27LVDAL,Dallas,finalized,no,0.0,2025-07-27 22:27:46.650854+00:00,2025-07-27 22:22:46.418250+00:00,Las Vegas
KXWNBAGAME-25JUL27LVDAL-LV,KXWNBAGAME-25JUL27LVDAL,Las Vegas,finalized,yes,1.0,2025-07-27 22:27:46.650854+00:00,2025-07-27 22:22:46.418250+00:00,Las Vegas
KXWNBAGAME-25JUL27PHXWSH-PHX,KXWNBAGAME-25JUL27PHXWSH,Phoenix,finalized,yes,1.0,2025-07-28 00:11:40.650768+00:00,2025-07-28 00:06:40.509377+00:00,Phoenix
KXWNBAGAME-25JUL27PHXWSH-WSH,KXWNBAGAME-25JUL27PHXWSH,Washington,finalized,no,0.0,2025-07-28 00:11:40.650768+00:00,2025-07-28 00:06:40.509377+00:00,Phoenix
KXWNBAGAME-25JUL28NYDAL-DAL,KXWNBAGAME-25JUL28NYDAL,Dallas,finalized,yes,1.0,2025-07-29 02:23:36.251450+00:00,2025-07-29 02:18:36.639198+00:00,Dallas
KXWNBAGAME-25JUL28NYDAL-NY,KXWNBAGAME-25JUL28NYDAL,New York,finalized,no,0.0,2025-07-29 02:23:36.251450+00:00,2025-07-29 02:18:36.639198+00:00,Dallas
KXWNBAGAME-25JUL28SEACONN-CONN,KXWNBAGAME-25JUL28SEACONN,Connecticut,finalized,no,0.0,2025-07-29 01:13:14.251152+00:00,2025-07-29 01:08:14.069451+00:00,Seattle
KXWNBAGAME-25JUL28SEACONN-SEA,KXWNBAGAME-25JUL28SEACONN,Seattle,finalized,yes,1.0,2025-07-29 01:13:14.251152+00:00,2025-07-29 01:08:14.069451+00:00,Seattle
KXWNBAGAME-25JUL29CHIWSH-CHI,KXWNBAGAME-25JUL29CHIWSH,Chicago,finalized,no,0.0,2025-07-30 02:21:13.363146+00:00,2025-07-30 02:16:13.344615+00:00,Washington
KXWNBAGAME-25JUL29CHIWSH-WSH,KXWNBAGAME-25JUL29CHIWSH,Washington,finalized,yes,1.0,2025-07-30 02:21:13.363146+00:00,2025-07-30 02:16:13.344615+00:00,Washington
KXWNBAGAME-25JUL29GSATL-ATL,KXWNBAGAME-25JUL29GSATL,Atlanta,finalized,no,0.0,2025-07-30 02:09:35.363152+00:00,2025-07-30 02:04:35.393889+00:00,Golden State
KXWNBAGAME-25JUL29GSATL-GS,KXWNBAGAME-25JUL29GSATL,Golden State,finalized,yes,1.0,2025-07-30 02:09:35.363152+00:00,2025-07-30 02:04:35.393889+00:00,Golden State
KXWNBAGAME-25JUL29LVLA-LA,KXWNBAGAME-25JUL29LVLA,Los Angeles,finalized,no,0.0,2025-07-30 04:11:19.348782+00:00,2025-07-30 04:06:19.110976+00:00,Las Vegas
KXWNBAGAME-25JUL29LVLA-LV,KXWNBAGAME-25JUL29LVLA,Las Vegas,finalized,yes,1.0,2025-07-30 04:11:19.348782+00:00,2025-07-30 04:06:19.110976+00:00,Las Vegas
KXWNBAGAME-25JUL30ATLDAL-ATL,KXWNBAGAME-25JUL30ATLDAL,Atlanta,finalized,yes,1.0,2025-07-31 02:23:35.175499+00:00,2025-07-31 02:18:35.360275+00:00,Atlanta
KXWNBAGAME-25JUL30ATLDAL-DAL,KXWNBAGAME-25JUL30ATLDAL,Dallas,finalized,no,0.0,2025-07-31 02:23:35.175499+00:00,2025-07-31 02:18:35.360275+00:00,Atlanta
KXWNBAGAME-25JUL30NYMIN-MIN,KXWNBAGAME-25JUL30NYMIN,Minnesota,finalized,yes,1.0,2025-07-31 02:19:52.185454+00:00,2025-07-31 02:14:52.168359+00:00,Minnesota
KXWNBAGAME-25JUL30NYMIN-NY,KXWNBAGAME-25JUL30NYMIN,New York,finalized,no,0.0,2025-07-31 02:19:52.185454+00:00,2025-07-31 02:14:52.168359+00:00,Minnesota
KXWNBAGAME-25JUL30PHXIND-IND,KXWNBAGAME-25JUL30PHXIND,Indiana,finalized,yes,1.0,2025-07-31 01:31:42.375043+00:00,2025-07-31 01:26:42.528964+00:00,Indiana
KXWNBAGAME-25JUL30PHXIND-PHX,KXWNBAGAME-25JUL30PHXIND,Phoenix,finalized,no,0.0,2025-07-31 01:31:42.375043+00:00,2025-07-31 01:26:42.528964+00:00,Indiana
KXWNBAGAME-25JUL31GSWSH-GS,KXWNBAGAME-25JUL31GSWSH,Golden State,finalized,yes,1.0,2025-08-01 01:59:31.171519+00:00,2025-08-01 01:54:31.591761+00:00,Golden State
KXWNBAGAME-25JUL31GSWSH-WSH,KXWNBAGAME-25JUL31GSWSH,Washington,finalized,no,0.0,2025-08-01 01:59:31.171519+00:00,2025-08-01 01:54:31.591761+00:00,Golden State
KXWNBAGAME-25JUN01CONNNY-CONN,KXWNBAGAME-25JUN01CONNNY,Connecticut,finalized,no,0.0,2025-06-01 21:08:36.357322+00:00,2025-06-01 21:03:35.998296+00:00,New York
KXWNBAGAME-25JUN01CONNNY-NY,KXWNBAGAME-25JUN01CONNNY,New York,finalized,yes,1.0,2025-06-01 21:08:36.357322+00:00,2025-06-01 21:03:35.998296+00:00,New York
KXWNBAGAME-25JUN01LVSEA-LV,KXWNBAGAME-25JUN01LVSEA,Las Vegas,finalized,yes,1.0,2025-06-02 00:17:44.157181+00:00,2025-06-02 00:12:43.375376+00:00,Las Vegas
KXWNBAGAME-25JUN01LVSEA-SEA,KXWNBAGAME-25JUN01LVSEA,Seattle,finalized,no,0.0,2025-06-02 00:17:44.157181+00:00,2025-06-02 00:12:43.375376+00:00,Las Vegas
KXWNBAGAME-25JUN01MINGS-GS,KXWNBAGAME-25JUN01MINGS,Golden State,finalized,no,0.0,2025-06-02 02:59:33.157009+00:00,2025-06-02 02:54:32.647113+00:00,Minnesota
KXWNBAGAME-25JUN01MINGS-MIN,KXWNBAGAME-25JUN01MINGS,Minnesota,finalized,yes,1.0,2025-06-02 02:59:33.157009+00:00,2025-06-02 02:54:32.647113+00:00,Minnesota
KXWNBAGAME-25JUN01PHXLA-LA,KXWNBAGAME-25JUN01PHXLA,Los Angeles,finalized,no,0.0,2025-06-02 00:21:23.156494+00:00,2025-06-02 00:16:22.702993+00:00,Phoenix
KXWNBAGAME-25JUN01PHXLA-PHX,KXWNBAGAME-25JUN01PHXLA,Phoenix,finalized,yes,1.0,2025-06-02 00:21:23.156494+00:00,2025-06-02 00:16:22.702993+00:00,Phoenix
KXWNBAGAME-25JUN03DALSEA-DAL,KXWNBAGAME-25JUN03DALSEA,Dallas,finalized,no,0.0,2025-06-04 04:01:30.362510+00:00,2025-06-04 03:56:30.220325+00:00,Seattle
KXWNBAGAME-25JUN03DALSEA-SEA,KXWNBAGAME-25JUN03DALSEA,Seattle,finalized,yes,1.0,2025-06-04 04:01:30.362510+00:00,2025-06-04 03:56:30.220325+00:00,Seattle
KXWNBAGAME-25JUN03PHXMIN-MIN,KXWNBAGAME-25JUN03PHXMIN,Minnesota,finalized,yes,1.0,2025-06-04 02:01:45.772958+00:00,2025-06-04 01:56:45.903592+00:00,Minnesota
KXWNBAGAME-25JUN03PHXMIN-PHX,KXWNBAGAME-25JUN03PHXMIN,Phoenix,finalized,no,0.0,2025-06-04 02:01:45.772958+00:00,2025-06-04 01:56:45.903592+00:00,Minnesota
KXWNBAGAME-25JUN03WSHIND-IND,KXWNBAGAME-25JUN03WSHIND,Indiana,finalized,yes,1.0,2025-06-04 01:23:28.362860+00:00,2025-06-04 01:18:28.819814+00:00,Indiana
KXWNBAGAME-25JUN03WSHIND-WSH,KXWNBAGAME-25JUN03WSHIND,Washington,finalized,no,0.0,2025-06-04 01:23:28.362860+00:00,2025-06-04 01:18:28.819814+00:00,Indiana
KXWNBAGAME-25JUN05GSPHX-GS,KXWNBAGAME-25JUN05GSPHX,Golden State,finalized,no,0.0,2025-06-06 04:25:58.356854+00:00,2025-06-06 04:20:58.283095+00:00,Phoenix
KXWNBAGAME-25JUN05GSPHX-PHX,KXWNBAGAME-25JUN05GSPHX,Phoenix,finalized,yes,1.0,2025-06-06 04:25:58.356854+00:00,2025-06-06 04:20:58.283095+00:00,Phoenix
KXWNBAGAME-25JUN05NYWSH-NY,KXWNBAGAME-25JUN05NYWSH,New York,finalized,yes,1.0,2025-06-06 01:59:30.356578+00:00,2025-06-06 01:54:29.966843+00:00,New York
KXWNBAGAME-25JUN05NYWSH-WSH,KXWNBAGAME-25JUN05NYWSH,Washington,finalized,no,0.0,2025-06-06 01:59:30.356578+00:00,2025-06-06 01:54:29.966843+00:00,New York
KXWNBAGAME-25JUN06ATLCONN-ATL,KXWNBAGAME-25JUN06ATLCONN,Atlanta,finalized,no,0.0,2025-06-07 01:47:35.440719+00:00,2025-06-07 01:42:35.297851+00:00,Connecticut
KXWNBAGAME-25JUN06ATLCONN-CONN,KXWNBAGAME-25JUN06ATLCONN,Connecticut,finalized,yes,1.0,2025-06-07 01:47:35.440719+00:00,2025-06-07 01:42:35.297851+00:00,Connecticut
KXWNBAGAME-25JUN06LADAL-DAL,KXWNBAGAME-25JUN06LADAL,Dallas,finalized,no,0.0,2025-06-07 03:53:16.436527+00:00,2025-06-07 03:48:16.259382+00:00,Los Angeles
KXWNBAGAME-25JUN06LADAL-LA,KXWNBAGAME-25JUN06LADAL,Los Angeles,finalized,yes,1.0,2025-06-07 03:53:16.436527+00:00,2025-06-07 03:48:16.259382+00:00,Los Angeles
KXWNBAGAME-25JUN07INDCHI-CHI,KXWNBAGAME-25JUN07INDCHI,Chicago,finalized,no,0.0,2025-06-08 02:19:38.037203+00:00,2025-06-08 02:14:37.096979+00:00,Indiana
KXWNBAGAME-25JUN07INDCHI-IND,KXWNBAGAME-25JUN07INDCHI,Indiana,finalized,yes,1.0,2025-06-08 02:19:38.037203+00:00,2025-06-08 02:14:37.096979+00:00,Indiana
KXWNBAGAME-25JUN07LVGS-GS,KXWNBAGAME-25JUN07LVGS,Golden State,finalized,yes,1.0,2025-06-07 21:35:50.037066+00:00,2025-06-07 21:30:49.354638+00:00,Golden State
KXWNBAGAME-25JUN07LVGS-LV,KXWNBAGAME-25JUN07LVGS,Las Vegas,finalized,no,0.0,2025-06-07 21:35:50.037066+00:00,2025-06-07 21:30:49.354638+00:00,Golden State
KXWNBAGAME-25JUN07SEAPHX-PHX,KXWNBAGAME-25JUN07SEAPHX,Phoenix,finalized,no,0.0,2025-06-08 04:08:19.036711+00:00,2025-06-08 04:03:18.308489+00:00,Seattle
KXWNBAGAME-25JUN07SEAPHX-SEA,KXWNBAGAME-25JUN07SEAPHX,Seattle,finalized,yes,1.0,2025-06-08 04:08:19.036711+00:00,2025-06-08 04:03:18.308489+00:00,Seattle
KXWNBAGAME-25JUN08CONNWSH-CONN,KXWNBAGAME-25JUN08CONNWSH,Connecticut,finalized,no,0.0,2025-06-08 21:27:36.031917+00:00,2025-06-08 21:22:35.458396+00:00,Washington
KXWNBAGAME-25JUN08CONNWSH-WSH,KXWNBAGAME-25JUN08CONNWSH,Washington,finalized,yes,1.0,2025-06-08 21:27:36.031917+00:00,2025-06-08 21:22:35.458396+00:00,Washington
KXWNBAGAME-25JUN08MINDAL-DAL,KXWNBAGAME-25JUN08MINDAL,Dallas,finalized,no,0.0,2025-06-08 22:17:22.030934+00:00,2025-06-08 22:12:21.418934+00:00,Minnesota
KXWNBAGAME-25JUN08MINDAL-MIN,KXWNBAGAME-25JUN08MINDAL,Minnesota,finalized,yes,1.0,2025-06-08 22:17:22.030934+00:00,2025-06-08 22:12:21.418934+00:00,Minnesota
KXWNBAGAME-25JUN09GSLA-GS,KXWNBAGAME-25JUN09GSLA,Golden State,finalized,yes,1.0,2025-06-10 04:39:36.035425+00:00,2025-06-10 04:34:34.974728+00:00,Golden State
KXWNBAGAME-25JUN09GSLA-LA,KXWNBAGAME-25JUN09GSLA,Los Angeles,finalized,no,0.0,2025-06-10 04:39:36.035425+00:00,2025-06-10 04:34:34.974728+00:00,Golden State
KXWNBAGAME-25JUN10CHINY-CHI,KXWNBAGAME-25JUN10CHINY,Chicago,finalized,no,0.0,2025-06-11 02:03:45.044156+00:00,2025-06-11 01:58:44.009384+00:00,New York
KXWNBAGAME-25JUN10CHINY-NY,KXWNBAGAME-25JUN10CHINY,New York,finalized,yes,1.0,2025-06-11 02:03:45.044156+00:00,2025-06-11 01:58:44.009384+00:00,New York
KXWNBAGAME-25JUN10INDATL-ATL,KXWNBAGAME-25JUN10INDATL,Atlanta,finalized,yes,1.0,2025-06-11 01:49:36.034214+00:00,2025-06-11 01:44:34.961196+00:00,Atlanta
KXWNBAGAME-25JUN10INDATL-IND,KXWNBAGAME-25JUN10INDATL,Indiana,finalized,no,0.0,2025-06-11 01:49:36.034214+00:00,2025-06-11 01:44:34.961196+00:00,Atlanta
KXWNBAGAME-25JUN11DALPHX-DAL,KXWNBAGAME-25JUN11DALPHX,Dallas,finalized,no,0.0,2025-06-12 04:09:19.483822+00:00,2025-06-12 04:04:19.540246+00:00,Phoenix
KXWNBAGAME-25JUN11DALPHX-PHX,KXWNBAGAME-25JUN11DALPHX,Phoenix,finalized,yes,1.0,2025-06-12 04:09:19.483822+00:00,2025-06-12 04:04:19.540246+00:00,Phoenix
KXWNBAGAME-25JUN11LALV-LA,KXWNBAGAME-25JUN11LALV,Los Angeles,finalized,yes,1.0,2025-06-12 04:23:49.483403+00:00,2025-06-12 04:18:49.252189+00:00,Los Angeles
KXWNBAGAME-25JUN11LALV-LV,KXWNBAGAME-25JUN11LALV,Las Vegas,finalized,no,0.0,2025-06-12 04:23:49.483403+00:00,2025-06-12 04:18:49.252189+00:00,Los Angeles
KXWNBAGAME-25JUN11MINSEA-MIN,KXWNBAGAME-25JUN11MINSEA,Minnesota,finalized,no,0.0,2025-06-12 04:17:52.484160+00:00,2025-06-12 04:12:52.622165+00:00,Seattle
KXWNBAGAME-25JUN11MINSEA-SEA,KXWNBAGAME-25JUN11MINSEA,Seattle,finalized,yes,1.0,2025-06-12 04:17:52.484160+00:00,2025-06-12 04:12:52.622165+00:00,Seattle
KXWNBAGAME-25JUN13CHIATL-ATL,KXWNBAGAME-25JUN13CHIATL,Atlanta,finalized,yes,1.0,2025-06-14 01:45:44.082876+00:00,2025-06-14 01:40:43.393704+00:00,Atlanta
KXWNBAGAME-25JUN13CHIATL-CHI,KXWNBAGAME-25JUN13CHIATL,Chicago,finalized,no,0.0,2025-06-14 01:45:44.082876+00:00,2025-06-14 01:40:43.393704+00:00,Atlanta
KXWNBAGAME-25JUN13DALLV-DAL,KXWNBAGAME-25JUN13DALLV,Dallas,finalized,no,0.0,2025-06-14 04:19:44.082775+00:00,2025-06-14 04:14:44.563621+00:00,Las Vegas
KXWNBAGAME-25JUN13DALLV-LV,KXWNBAGAME-25JUN13DALLV,Las Vegas,finalized,yes,1.0,2025-06-14 04:19:44.082775+00:00,2025-06-14 04:14:44.563621+00:00,Las Vegas
KXWNBAGAME-25JUN14LAMIN-LA,KXWNBAGAME-25JUN14LAMIN,Los Angeles,finalized,no,0.0,2025-06-14 19:23:48.883189+00:00,2025-06-14 19:18:48.453930+00:00,Minnesota
KXWNBAGAME-25JUN14LAMIN-MIN,KXWNBAGAME-25JUN14LAMIN,Minnesota,finalized,yes,1.0,2025-06-14 19:23:48.883189+00:00,2025-06-14 19:18:48.453930+00:00,Minnesota
KXWNBAGAME-25JUN14NYIND-IND,KXWNBAGAME-25JUN14NYIND,Indiana,finalized,yes,1.0,2025-06-14 21:27:49.882552+00:00,2025-06-14 21:22:49.134804+00:00,Indiana
KXWNBAGAME-25JUN14NYIND-NY,KXWNBAGAME-25JUN14NYIND,New York,finalized,no,0.0,2025-06-14 21:27:49.882552+00:00,2025-06-14 21:22:49.134804+00:00,Indiana
KXWNBAGAME-25JUN14SEAGS-GS,KXWNBAGAME-25JUN14SEAGS,Golden State,finalized,yes,1.0,2025-06-15 03:03:22.882372+00:00,2025-06-15 02:58:22.332591+00:00,Golden State
KXWNBAGAME-25JUN14SEAGS-SEA,KXWNBAGAME-25JUN14SEAGS,Seattle,finalized,no,0.0,2025-06-15 03:03:22.882372+00:00,2025-06-15 02:58:22.332591+00:00,Golden State
KXWNBAGAME-25JUN15ATLWSH-ATL,KXWNBAGAME-25JUN15ATLWSH,Atlanta,finalized,yes,1.0,2025-06-15 20:27:19.082152+00:00,2025-06-15 20:22:18.830142+00:00,Atlanta
KXWNBAGAME-25JUN15ATLWSH-WSH,KXWNBAGAME-25JUN15ATLWSH,Washington,finalized,no,0.0,2025-06-15 20:27:19.082152+00:00,2025-06-15 20:22:18.830142+00:00,Atlanta
KXWNBAGAME-25JUN15CHICONN-CHI,KXWNBAGAME-25JUN15CHICONN,Chicago,finalized,yes,1.0,2025-06-15 18:15:51.292163+00:00,2025-06-15 18:10:51.368536+00:00,Chicago
KXWNBAGAME-25JUN15CHICONN-CONN,KXWNBAGAME-25JUN15CHICONN,Connecticut,finalized,no,0.0,2025-06-15 18:15:51.292163+00:00,2025-06-15 18:10:51.368536+00:00,Chicago
KXWNBAGAME-25JUN15PHXLV-LV,KXWNBAGAME-25JUN15PHXLV,Las Vegas,finalized,no,0.0,2025-06-16 00:21:37.082835+00:00,2025-06-16 00:16:36.638372+00:00,Phoenix
KXWNBAGAME-25JUN15PHXLV-PHX,KXWNBAGAME-25JUN15PHXLV,Phoenix,finalized,yes,1.0,2025-06-16 00:21:37.082835+00:00,2025-06-16 00:16:36.638372+00:00,Phoenix
KXWNBAGAME-25JUN17ATLNY-ATL,KXWNBAGAME-25JUN17ATLNY,Atlanta,finalized,no,0.0,2025-06-18 01:17:40.602251+00:00,2025-06-18 01:12:40.351001+00:00,New York
KXWNBAGAME-25JUN17ATLNY-NY,KXWNBAGAME-25JUN17ATLNY,New York,finalized,yes,1.0,2025-06-18 01:17:40.602251+00:00,2025-06-18 01:12:40.351001+00:00,New York
KXWNBAGAME-25JUN17CONNIND-CONN,KXWNBAGAME-25JUN17CONNIND,Connecticut,finalized,no,0.0,2025-06-18 01:33:42.591687+00:00,2025-06-18 01:28:42.820879+00:00,Indiana
KXWNBAGAME-25JUN17CONNIND-IND,KXWNBAGAME-25JUN17CONNIND,Indiana,finalized,yes,1.0,2025-06-18 01:33:42.591687+00:00,2025-06-18 01:28:42.820879+00:00,Indiana
KXWNBAGAME-25JUN17GSDAL-DAL,KXWNBAGAME-25JUN17GSDAL,Dallas,finalized,yes,1.0,2025-06-18 02:31:17.601720+00:00,2025-06-18 02:26:17.903213+00:00,Dallas
KXWNBAGAME-25JUN17GSDAL-GS,KXWNBAGAME-25JUN17GSDAL,Golden State,finalized,no,0.0,2025-06-18 02:31:17.601720+00:00,2025-06-18 02:26:17.903213+00:00,Dallas
KXWNBAGAME-25JUN17LVMIN-LV,KXWNBAGAME-25JUN17LVMIN,Las Vegas,finalized,no,0.0,2025-06-18 02:11:28.592399+00:00,2025-06-18 02:06:28.346031+00:00,Minnesota
KXWNBAGAME-25JUN17LVMIN-MIN,KXWNBAGAME-25JUN17LVMIN,Minnesota,finalized,yes,1.0,2025-06-18 02:11:28.592399+00:00,2025-06-18 02:06:28.346031+00:00,Minnesota
KXWNBAGAME-25JUN17SEALA-LA,KXWNBAGAME-25JUN17SEALA,Los Angeles,finalized,no,0.0,2025-06-18 04:13:47.591979+00:00,2025-06-18 04:08:47.796962+00:00,Seattle
KXWNBAGAME-25JUN17SEALA-SEA,KXWNBAGAME-25JUN17SEALA,Seattle,finalized,yes,1.0,2025-06-18 04:13:47.591979+00:00,2025-06-18 04:08:47.796962+00:00,Seattle
KXWNBAGAME-25JUN17WSHCHI-CHI,KXWNBAGAME-25JUN17WSHCHI,Chicago,finalized,no,0.0,2025-06-18 02:17:18.592307+00:00,2025-06-18 02:12:18.287972+00:00,Washington
KXWNBAGAME-25JUN17WSHCHI-WSH,KXWNBAGAME-25JUN17WSHCHI,Washington,finalized,yes,1.0,2025-06-18 02:17:18.592307+00:00,2025-06-18 02:12:18.287972+00:00,Washington
KXWNBAGAME-25JUN18PHXCONN-CONN,KXWNBAGAME-25JUN18PHXCONN,Connecticut,finalized,no,0.0,2025-06-19 01:16:04.390769+00:00,2025-06-19 01:11:04.045808+00:00,Phoenix
KXWNBAGAME-25JUN18PHXCONN-PHX,KXWNBAGAME-25JUN18PHXCONN,Phoenix,finalized,yes,1.0,2025-06-19 01:16:04.390769+00:00,2025-06-19 01:11:04.045808+00:00,Phoenix
KXWNBAGAME-25JUN19INDGS-GS,KXWNBAGAME-25JUN19INDGS,Golden State,finalized,yes,1.0,2025-06-20 04:35:48.398094+00:00,2025-06-20 04:30:48.638236+00:00,Golden State
KXWNBAGAME-25JUN19INDGS-IND,KXWNBAGAME-25JUN19INDGS,Indiana,finalized,no,0.0,2025-06-20 04:35:48.398094+00:00,2025-06-20 04:30:48.638236+00:00,Golden State
KXWNBAGAME-25JUN19PHXNY-NY,KXWNBAGAME-25JUN19PHXNY,New York,finalized,no,0.0,2025-06-20 01:19:53.397685+00:00,2025-06-20 01:14:53.886275+00:00,Phoenix
KXWNBAGAME-25JUN19PHXNY-PHX,KXWNBAGAME-25JUN19PHXNY,Phoenix,finalized,yes,1.0,2025-06-20 01:19:53.397685+00:00,2025-06-20 01:14:53.886275+00:00,Phoenix
KXWNBAGAME-25JUN20DALCONN-CONN,KXWNBAGAME-25JUN20DALCONN,Connecticut,finalized,no,0.0,2025-06-21 01:59:30.000227+00:00,2025-06-21 01:54:29.631339+00:00,Dallas
KXWNBAGAME-25JUN20DALCONN-DAL,KXWNBAGAME-25JUN20DALCONN,Dallas,finalized,yes,1.0,2025-06-21 01:59:30.000227+00:00,2025-06-21 01:54:29.631339+00:00,Dallas
KXWNBAGAME-25JUN20SEALV-LV,KXWNBAGAME-25JUN20SEALV,Las Vegas,finalized,no,0.0,2025-06-21 04:08:07.000319+00:00,2025-06-21 04:03:06.433729+00:00,Seattle
KXWNBAGAME-25JUN20SEALV-SEA,KXWNBAGAME-25JUN20SEALV,Seattle,finalized,yes,1.0,2025-06-21 04:08:07.000319+00:00,2025-06-21 04:03:06.433729+00:00,Seattle
KXWNBAGAME-25JUN20WSHATL-ATL,KXWNBAGAME-25JUN20WSHATL,Atlanta,finalized,yes,1.0,2025-06-21 01:57:29.000503+00:00,2025-06-21 01:52:28.075165+00:00,Atlanta
KXWNBAGAME-25JUN20WSHATL-WSH,KXWNBAGAME-25JUN20WSHATL,Washington,finalized,no,0.0,2025-06-21 01:57:29.000503+00:00,2025-06-21 01:52:28.075165+00:00,Atlanta
KXWNBAGAME-25JUN21LAMIN-LA,KXWNBAGAME-25JUN21LAMIN,Los Angeles,finalized,no,0.0,2025-06-22 02:08:48.999940+00:00,2025-06-22 02:03:48.680652+00:00,Minnesota
KXWNBAGAME-25JUN21LAMIN-MIN,KXWNBAGAME-25JUN21LAMIN,Minnesota,finalized,yes,1.0,2025-06-22 02:08:48.999940+00:00,2025-06-22 02:03:48.680652+00:00,Minnesota
KXWNBAGAME-25JUN21PHXCHI-CHI,KXWNBAGAME-25JUN21PHXCHI,Chicago,finalized,no,0.0,2025-06-21 19:17:28.999717+00:00,2025-06-21 19:12:27.935819+00:00,Phoenix
KXWNBAGAME-25JUN21PHXCHI-PHX,KXWNBAGAME-25JUN21PHXCHI,Phoenix,finalized,yes,1.0,2025-06-21 19:17:28.999717+00:00,2025-06-21 19:12:27.935819+00:00,Phoenix
KXWNBAGAME-25JUN22CHIATL-ATL,KXWNBAGAME-25JUN22CHIATL,Atlanta,finalized,yes,1.0,2025-06-22 21:23:13.999696+00:00,2025-06-22 21:18:13.308165+00:00,Atlanta
KXWNBAGAME-25JUN22CHIATL-CHI,KXWNBAGAME-25JUN22CHIATL,Chicago,finalized,no,0.0,2025-06-22 21:23:13.999696+00:00,2025-06-22 21:18:13.308165+00:00,Atlanta
KXWNBAGAME-25JUN22CONNGS-CONN,KXWNBAGAME-25JUN22CONNGS,Connecticut,finalized,no,0.0,2025-06-23 03:02:57.399505+00:00,2025-06-23 02:50:37.686615+00:00,Golden State
KXWNBAGAME-25JUN22CONNGS-GS,KXWNBAGAME-25JUN22CONNGS,Golden State,finalized,yes,1.0,2025-06-23 03:02:57.399505+00:00,2025-06-23 02:50:37.686615+00:00,Golden State
KXWNBAGAME-25JUN22DALWSH-DAL,KXWNBAGAME-25JUN22DALWSH,Dallas,finalized,no,0.0,2025-06-22 22:03:43.000499+00:00,2025-06-22 21:58:42.161730+00:00,Washington
KXWNBAGAME-25JUN22DALWSH-WSH,KXWNBAGAME-25JUN22DALWSH,Washington,finalized,yes,1.0,2025-06-22 22:03:43.000499+00:00,2025-06-22 21:58:42.161730+00:00,Washington
KXWNBAGAME-25JUN22INDLV-IND,KXWNBAGAME-25JUN22INDLV,Indiana,finalized,no,0.0,2025-06-22 21:29:12.999523+00:00,2025-06-22 21:24:12.095317+00:00,Las Vegas
KXWNBAGAME-25JUN22INDLV-LV,KXWNBAGAME-25JUN22INDLV,Las Vegas,finalized,yes,1.0,2025-06-22 21:29:12.999523+00:00,2025-06-22 21:24:12.095317+00:00,Las Vegas
KXWNBAGAME-25JUN22NYSEA-NY,KXWNBAGAME-25JUN22NYSEA,New York,finalized,no,0.0,2025-06-23 01:16:10.009970+00:00,2025-06-23 01:11:09.690077+00:00,Seattle
KXWNBAGAME-25JUN22NYSEA-SEA,KXWNBAGAME-25JUN22NYSEA,Seattle,finalized,yes,1.0,2025-06-23 01:16:10.009970+00:00,2025-06-23 01:11:09.690077+00:00,Seattle
KXWNBAGAME-25JUN24ATLDAL-ATL,KXWNBAGAME-25JUN24ATLDAL,Atlanta,finalized,no,0.0,2025-06-25 02:17:37.206628+00:00,2025-06-25 02:12:37.352005+00:00,Dallas
KXWNBAGAME-25JUN24ATLDAL-DAL,KXWNBAGAME-25JUN24ATLDAL,Dallas,finalized,yes,1.0,2025-06-25 02:17:37.206628+00:00,2025-06-25 02:12:37.352005+00:00,Dallas
KXWNBAGAME-25JUN24INDSEA-IND,KXWNBAGAME-25JUN24INDSEA,Indiana,finalized,yes,1.0,2025-06-25 04:27:35.207100+00:00,2025-06-25 04:22:35.358806+00:00,Indiana
KXWNBAGAME-25JUN24INDSEA-SEA,KXWNBAGAME-25JUN24INDSEA,Seattle,finalized,no,0.0,2025-06-25 04:27:35.207100+00:00,2025-06-25 04:22:35.358806+00:00,Indiana
KXWNBAGAME-25JUN24LACHI-CHI,KXWNBAGAME-25JUN24LACHI,Chicago,finalized,yes,1.0,2025-06-25 02:27:18.197406+00:00,2025-06-25 02:22:18.094194+00:00,Chicago
KXWNBAGAME-25JUN24LACHI-LA,KXWNBAGAME-25JUN24LACHI,Los Angeles,finalized,no,0.0,2025-06-25 02:27:18.197406+00:00,2025-06-25 02:22:18.094194+00:00,Chicago
KXWNBAGAME-25JUN24MINWSH-MIN,KXWNBAGAME-25JUN24MINWSH,Minnesota,finalized,no,0.0,2025-06-25 02:17:39.606659+00:00,2025-06-25 02:12:38.119159+00:00,Washington
KXWNBAGAME-25JUN24MINWSH-WSH,KXWNBAGAME-25JUN24MINWSH,Washington,finalized,yes,1.0,2025-06-25 02:17:39.606659+00:00,2025-06-25 02:12:38.119159+00:00,Washington
KXWNBAGAME-25JUN25CONNLV-CONN,KXWNBAGAME-25JUN25CONNLV,Connecticut,finalized,no,0.0,2025-06-26 04:03:18.599223+00:00,2025-06-26 03:58:18.054895+00:00,Las Vegas
KXWNBAGAME-25JUN25CONNLV-LV,KXWNBAGAME-25JUN25CONNLV,Las Vegas,finalized,yes,1.0,2025-06-26 04:03:18.599223+00:00,2025-06-26 03:58:18.054895+00:00,Las Vegas
KXWNBAGAME-25JUN25NYGS-GS,KXWNBAGAME-25JUN25NYGS,Golden State,finalized,no,0.0,2025-06-26 04:21:37.599957+00:00,2025-06-26 04:16:37.372942+00:00,New York
KXWNBAGAME-25JUN25NYGS-NY,KXWNBAGAME-25JUN25NYGS,New York,finalized,yes,1.0,2025-06-26 04:21:37.599957+00:00,2025-06-26 04:16:37.372942+00:00,New York
KXWNBAGAME-25JUN26LAIND-IND,KXWNBAGAME-25JUN26LAIND,Indiana,finalized,no,0.0,2025-06-27 01:23:36.833081+00:00,2025-06-27 01:18:35.925886+00:00,Los Angeles
KXWNBAGAME-25JUN26LAIND-LA,KXWNBAGAME-25JUN26LAIND,Los Angeles,finalized,yes,1.0,2025-06-27 01:23:36.833081+00:00,2025-06-27 01:18:35.925886+00:00,Los Angeles
KXWNBAGAME-25JUN26WSHLV-LV,KXWNBAGAME-25JUN26WSHLV,Las Vegas,finalized,no,0.0,2025-06-27 04:17:28.832842+00:00,2025-06-27 04:12:28.324210+00:00,Washington
KXWNBAGAME-25JUN26WSHLV-WSH,KXWNBAGAME-25JUN26WSHLV,Washington,finalized,yes,1.0,2025-06-27 04:17:28.832842+00:00,2025-06-27 04:12:28.324210+00:00,Washington
KXWNBAGAME-25JUN27CHIGS-CHI,KXWNBAGAME-25JUN27CHIGS,Chicago,finalized,no,0.0,2025-06-28 04:31:11.827045+00:00,2025-06-28 04:26:11.386876+00:00,Golden State
KXWNBAGAME-25JUN27CHIGS-GS,KXWNBAGAME-25JUN27CHIGS,Golden State,finalized,yes,1.0,2025-06-28 04:31:11.827045+00:00,2025-06-28 04:26:11.386876+00:00,Golden State
KXWNBAGAME-25JUN27CONNSEA-CONN,KXWNBAGAME-25JUN27CONNSEA,Connecticut,finalized,no,0.0,2025-06-28 04:29:10.837474+00:00,2025-06-28 04:24:10.134691+00:00,Seattle
KXWNBAGAME-25JUN27CONNSEA-SEA,KXWNBAGAME-25JUN27CONNSEA,Seattle,finalized,yes,1.0,2025-06-28 04:29:10.837474+00:00,2025-06-28 04:24:10.134691+00:00,Seattle
KXWNBAGAME-25JUN27INDDAL-DAL,KXWNBAGAME-25JUN27INDDAL,Dallas,finalized,no,0.0,2025-06-28 02:01:26.826788+00:00,2025-06-28 01:56:26.757391+00:00,Indiana
KXWNBAGAME-25JUN27INDDAL-IND,KXWNBAGAME-25JUN27INDDAL,Indiana,finalized,yes,1.0,2025-06-28 02:01:26.826788+00:00,2025-06-28 01:56:26.757391+00:00,Indiana
KXWNBAGAME-25JUN27MINATL-ATL,KXWNBAGAME-25JUN27MINATL,Atlanta,finalized,no,0.0,2025-06-28 02:33:12.836643+00:00,2025-06-28 02:28:12.714472+00:00,Minnesota
KXWNBAGAME-25JUN27MINATL-MIN,KXWNBAGAME-25JUN27MINATL,Minnesota,finalized,yes,1.0,2025-06-28 02:33:12.836643+00:00,2025-06-28 02:28:12.714472+00:00,Minnesota
KXWNBAGAME-25JUN27NYPHX-NY,KXWNBAGAME-25JUN27NYPHX,New York,finalized,no,0.0,2025-06-28 04:08:14.826987+00:00,2025-06-28 04:03:14.771290+00:00,Phoenix
KXWNBAGAME-25JUN27NYPHX-PHX,KXWNBAGAME-25JUN27NYPHX,Phoenix,finalized,yes,1.0,2025-06-28 04:08:14.826987+00:00,2025-06-28 04:03:14.771290+00:00,Phoenix
KXWNBAGAME-25JUN28WSHDAL-DAL,KXWNBAGAME-25JUN28WSHDAL,Dallas,finalized,yes,1.0,2025-06-29 02:23:31.037122+00:00,2025-06-29 02:18:30.778219+00:00,Dallas
KXWNBAGAME-25JUN28WSHDAL-WSH,KXWNBAGAME-25JUN28WSHDAL,Washington,finalized,no,0.0,2025-06-29 02:23:31.037122+00:00,2025-06-29 02:18:30.778219+00:00,Dallas
KXWNBAGAME-25JUN29CHILA-CHI,KXWNBAGAME-25JUN29CHILA,Chicago,finalized,yes,1.0,2025-06-29 22:25:41.227092+00:00,2025-06-29 22:20:41.237687+00:00,Chicago
KXWNBAGAME-25JUN29CHILA-LA,KXWNBAGAME-25JUN29CHILA,Los Angeles,finalized,no,0.0,2025-06-29 22:25:41.227092+00:00,2025-06-29 22:20:41.237687+00:00,Chicago
KXWNBAGAME-25JUN29CONNMIN-CONN,KXWNBAGAME-25JUN29CONNMIN,Connecticut,finalized,no,0.0,2025-06-30 01:13:28.026840+00:00,2025-06-30 01:08:27.582822+00:00,Minnesota
KXWNBAGAME-25JUN29CONNMIN-MIN,KXWNBAGAME-25JUN29CONNMIN,Minnesota,finalized,yes,1.0,2025-06-30 01:13:28.026840+00:00,2025-06-30 01:08:27.582822+00:00,Minnesota
KXWNBAGAME-25JUN29LVPHX-LV,KXWNBAGAME-25JUN29LVPHX,Las Vegas,finalized,yes,1.0,2025-06-30 00:32:56.037518+00:00,2025-06-30 00:16:12.824010+00:00,Las Vegas
KXWNBAGAME-25JUN29LVPHX-PHX,KXWNBAGAME-25JUN29LVPHX,Phoenix,finalized,no,0.0,2025-06-30 00:32:56.037518+00:00,2025-06-30 00:16:12.824010+00:00,Las Vegas
KXWNBAGAME-25JUN29NYATL-ATL,KXWNBAGAME-25JUN29NYATL,Atlanta,finalized,yes,1.0,2025-06-29 21:11:13.590628+00:00,2025-06-29 21:06:13.604769+00:00,Atlanta
KXWNBAGAME-25JUN29NYATL-NY,KXWNBAGAME-25JUN29NYATL,New York,finalized,no,0.0,2025-06-29 21:11:13.590628+00:00,2025-06-29 21:06:13.604769+00:00,Atlanta
KXWNBAGAME-25JUN29SEAGS-GS,KXWNBAGAME-25JUN29SEAGS,Golden State,finalized,yes,1.0,2025-06-30 02:41:48.036640+00:00,2025-06-30 02:36:47.666797+00:00,Golden State
KXWNBAGAME-25JUN29SEAGS-SEA,KXWNBAGAME-25JUN29SEAGS,Seattle,finalized,no,0.0,2025-06-30 02:41:48.036640+00:00,2025-06-30 02:36:47.666797+00:00,Golden State
KXWNBAGAME-25MAY22INDATL-ATL,KXWNBAGAME-25MAY22INDATL,Atlanta,finalized,no,0.0,2025-05-23 04:21:28.822747+00:00,2025-05-23 04:16:28.485450+00:00,Indiana
KXWNBAGAME-25MAY22INDATL-IND,KXWNBAGAME-25MAY22INDATL,Indiana,finalized,yes,1.0,2025-05-23 04:21:28.822747+00:00,2025-05-23 04:16:28.485450+00:00,Indiana
KXWNBAGAME-25MAY22NYCHI-CHI,KXWNBAGAME-25MAY22NYCHI,Chicago,finalized,no,0.0,2025-05-23 04:21:30.822957+00:00,2025-05-23 04:16:29.337322+00:00,New York
KXWNBAGAME-25MAY22NYCHI-NY,KXWNBAGAME-25MAY22NYCHI,New York,finalized,yes,1.0,2025-05-23 04:21:30.822957+00:00,2025-05-23 04:16:29.337322+00:00,New York
KXWNBAGAME-25MAY23CONNMIN-CONN,KXWNBAGAME-25MAY23CONNMIN,Connecticut,finalized,no,0.0,2025-05-24 01:47:30.024726+00:00,2025-05-24 01:42:29.419026+00:00,Minnesota
KXWNBAGAME-25MAY23CONNMIN-MIN,KXWNBAGAME-25MAY23CONNMIN,Minnesota,finalized,yes,1.0,2025-05-24 01:47:30.024726+00:00,2025-05-24 01:42:29.419026+00:00,Minnesota
KXWNBAGAME-25MAY23GSLA-GS,KXWNBAGAME-25MAY23GSLA,Golden State,finalized,yes,1.0,2025-05-24 04:17:25.825333+00:00,2025-05-24 04:12:25.723205+00:00,Golden State
KXWNBAGAME-25MAY23GSLA-LA,KXWNBAGAME-25MAY23GSLA,Los Angeles,finalized,no,0.0,2025-05-24 04:17:25.825333+00:00,2025-05-24 04:12:25.723205+00:00,Golden State
KXWNBAGAME-25MAY23PHXSEA-PHX,KXWNBAGAME-25MAY23PHXSEA,Phoenix,finalized,no,0.0,2025-05-24 04:11:12.024811+00:00,2025-05-24 04:06:11.856712+00:00,Seattle
KXWNBAGAME-25MAY23PHXSEA-SEA,KXWNBAGAME-25MAY23PHXSEA,Seattle,finalized,yes,1.0,2025-05-24 04:11:12.024811+00:00,2025-05-24 04:06:11.856712+00:00,Seattle
KXWNBAGAME-25MAY23WSHLV-LV,KXWNBAGAME-25MAY23WSHLV,Las Vegas,finalized,yes,1.0,2025-05-24 04:21:30.044634+00:00,2025-05-24 04:16:29.822181+00:00,Las Vegas
KXWNBAGAME-25MAY23WSHLV-WSH,KXWNBAGAME-25MAY23WSHLV,Washington,finalized,no,0.0,2025-05-24 04:21:30.044634+00:00,2025-05-24 04:16:29.822181+00:00,Las Vegas
KXWNBAGAME-25MAY24DALATL-ATL,KXWNBAGAME-25MAY24DALATL,Atlanta,finalized,yes,1.0,2025-05-24 21:13:31.215987+00:00,2025-05-24 21:08:31.376613+00:00,Atlanta
KXWNBAGAME-25MAY24DALATL-DAL,KXWNBAGAME-25MAY24DALATL,Dallas,finalized,no,0.0,2025-05-24 21:13:31.215987+00:00,2025-05-24 21:08:31.376613+00:00,Atlanta
KXWNBAGAME-25MAY24NYIND-IND,KXWNBAGAME-25MAY24NYIND,Indiana,finalized,no,0.0,2025-05-24 19:27:11.216041+00:00,2025-05-24 19:22:11.660563+00:00,New York
KXWNBAGAME-25MAY24NYIND-NY,KXWNBAGAME-25MAY24NYIND,New York,finalized,yes,1.0,2025-05-24 19:27:11.216041+00:00,2025-05-24 19:22:11.660563+00:00,New York
KXWNBAGAME-25MAY25CHILA-CHI,KXWNBAGAME-25MAY25CHILA,Chicago,finalized,no,0.0,2025-05-26 00:17:12.216133+00:00,2025-05-26 00:12:12.773518+00:00,Los Angeles
KXWNBAGAME-25MAY25CHILA-LA,KXWNBAGAME-25MAY25CHILA,Los Angeles,finalized,yes,1.0,2025-05-26 00:17:12.216133+00:00,2025-05-26 00:12:12.773518+00:00,Los Angeles
KXWNBAGAME-25MAY25CONNATL-ATL,KXWNBAGAME-25MAY25CONNATL,Atlanta,finalized,yes,1.0,2025-05-25 21:09:12.216234+00:00,2025-05-25 21:04:12.737902+00:00,Atlanta
KXWNBAGAME-25MAY25CONNATL-CONN,KXWNBAGAME-25MAY25CONNATL,Connecticut,finalized,no,0.0,2025-05-25 21:09:12.216234+00:00,2025-05-25 21:04:12.737902+00:00,Atlanta
KXWNBAGAME-25MAY25LVSEA-LV,KXWNBAGAME-25MAY25LVSEA,Las Vegas,finalized,no,0.0,2025-05-26 00:09:24.215999+00:00,2025-05-26 00:04:24.929665+00:00,Seattle
KXWNBAGAME-25MAY25LVSEA-SEA,KXWNBAGAME-25MAY25LVSEA,Seattle,finalized,yes,1.0,2025-05-26 00:09:24.215999+00:00,2025-05-26 00:04:24.929665+00:00,Seattle
KXWNBAGAME-25MAY25WSHPHX-PHX,KXWNBAGAME-25MAY25WSHPHX,Phoenix,finalized,yes,1.0,2025-05-26 00:23:12.215326+00:00,2025-05-26 00:18:12.201992+00:00,Phoenix
KXWNBAGAME-25MAY25WSHPHX-WSH,KXWNBAGAME-25MAY25WSHPHX,Washington,finalized,no,0.0,2025-05-26 00:23:12.215326+00:00,2025-05-26 00:18:12.201992+00:00,Phoenix
KXWNBAGAME-25MAY27ATLLA-ATL,KXWNBAGAME-25MAY27ATLLA,Atlanta,finalized,yes,1.0,2025-05-28 04:23:31.608274+00:00,2025-05-28 04:18:31.457635+00:00,Atlanta
KXWNBAGAME-25MAY27ATLLA-LA,KXWNBAGAME-25MAY27ATLLA,Los Angeles,finalized,no,0.0,2025-05-28 04:23:31.608274+00:00,2025-05-28 04:18:31.457635+00:00,Atlanta
KXWNBAGAME-25MAY27CHIPHX-CHI,KXWNBAGAME-25MAY27CHIPHX,Chicago,finalized,no,0.0,2025-05-28 04:13:35.617691+00:00,2025-05-28 04:08:35.914752+00:00,Phoenix
KXWNBAGAME-25MAY27CHIPHX-PHX,KXWNBAGAME-25MAY27CHIPHX,Phoenix,finalized,yes,1.0,2025-05-28 04:13:35.617691+00:00,2025-05-28 04:08:35.914752+00:00,Phoenix
KXWNBAGAME-25MAY27DALCONN-CONN,KXWNBAGAME-25MAY27DALCONN,Connecticut,finalized,no,0.0,2025-05-28 01:21:32.607481+00:00,2025-05-28 01:16:31.821193+00:00,Dallas
KXWNBAGAME-25MAY27DALCONN-DAL,KXWNBAGAME-25MAY27DALCONN,Dallas,finalized,yes,1.0,2025-05-28 01:21:32.607481+00:00,2025-05-28 01:16:31.821193+00:00,Dallas
KXWNBAGAME-25MAY27GSNY-GS,KXWNBAGAME-25MAY27GSNY,Golden State,finalized,no,0.0,2025-05-28 01:08:18.638139+00:00,2025-05-28 01:03:18.164748+00:00,New York
KXWNBAGAME-25MAY27GSNY-NY,KXWNBAGAME-25MAY27GSNY,New York,finalized,yes,1.0,2025-05-28 01:08:18.638139+00:00,2025-05-28 01:03:18.164748+00:00,New York
KXWNBAGAME-25MAY27SEAMIN-MIN,KXWNBAGAME-25MAY27SEAMIN,Minnesota,finalized,yes,1.0,2025-05-28 02:29:36.608443+00:00,2025-05-28 02:24:36.876184+00:00,Minnesota
KXWNBAGAME-25MAY27SEAMIN-SEA,KXWNBAGAME-25MAY27SEAMIN,Seattle,finalized,no,0.0,2025-05-28 02:29:36.608443+00:00,2025-05-28 02:24:36.876184+00:00,Minnesota
KXWNBAGAME-25MAY28INDWSH-IND,KXWNBAGAME-25MAY28INDWSH,Indiana,finalized,no,0.0,2025-05-29 02:02:25.836074+00:00,2025-05-29 01:56:30.101058+00:00,Washington
KXWNBAGAME-25MAY28INDWSH-WSH,KXWNBAGAME-25MAY28INDWSH,Washington,finalized,yes,1.0,2025-05-29 02:02:25.836074+00:00,2025-05-29 01:56:30.101058+00:00,Washington
KXWNBAGAME-25MAY29DALCHI-CHI,KXWNBAGAME-25MAY29DALCHI,Chicago,finalized,yes,1.0,2025-05-30 02:17:30.807916+00:00,2025-05-30 02:12:30.725446+00:00,Chicago
KXWNBAGAME-25MAY29DALCHI-DAL,KXWNBAGAME-25MAY29DALCHI,Dallas,finalized,no,0.0,2025-05-30 02:17:30.807916+00:00,2025-05-30 02:12:30.725446+00:00,Chicago
KXWNBAGAME-25MAY29GSNY-GS,KXWNBAGAME-25MAY29GSNY,Golden State,finalized,no,0.0,2025-05-30 01:21:17.817659+00:00,2025-05-30 01:16:17.504492+00:00,New York
KXWNBAGAME-25MAY29GSNY-NY,KXWNBAGAME-25MAY29GSNY,New York,finalized,yes,1.0,2025-05-30 01:21:17.817659+00:00,2025-05-30 01:16:17.504492+00:00,New York
KXWNBAGAME-25MAY30ATLSEA-ATL,KXWNBAGAME-25MAY30ATLSEA,Atlanta,finalized,yes,1.0,2025-05-31 04:29:32.406584+00:00,2025-05-31 04:24:32.292130+00:00,Atlanta
KXWNBAGAME-25MAY30ATLSEA-SEA,KXWNBAGAME-25MAY30ATLSEA,Seattle,finalized,no,0.0,2025-05-31 04:29:32.406584+00:00,2025-05-31 04:24:32.292130+00:00,Atlanta
KXWNBAGAME-25MAY30CONNIND-CONN,KXWNBAGAME-25MAY30CONNIND,Connecticut,finalized,yes,1.0,2025-05-31 02:03:23.406950+00:00,2025-05-31 01:58:22.944570+00:00,Connecticut
KXWNBAGAME-25MAY30CONNIND-IND,KXWNBAGAME-25MAY30CONNIND,Indiana,finalized,no,0.0,2025-05-31 02:03:23.406950+00:00,2025-05-31 01:58:22.944570+00:00,Connecticut
KXWNBAGAME-25MAY30LALV-LA,KXWNBAGAME-25MAY30LALV,Los Angeles,finalized,no,0.0,2025-05-31 04:17:35.406462+00:00,2025-05-31 04:12:35.763279+00:00,Las Vegas
KXWNBAGAME-25MAY30LALV-LV,KXWNBAGAME-25MAY30LALV,Las Vegas,finalized,yes,1.0,2025-05-31 04:17:35.406462+00:00,2025-05-31 04:12:35.763279+00:00,Las Vegas
KXWNBAGAME-25MAY30MINPHX-MIN,KXWNBAGAME-25MAY30MINPHX,Minnesota,finalized,yes,1.0,2025-05-31 04:11:33.407365+00:00,2025-05-31 04:06:33.674560+00:00,Minnesota
KXWNBAGAME-25MAY30MINPHX-PHX,KXWNBAGAME-25MAY30MINPHX,Phoenix,finalized,no,0.0,2025-05-31 04:11:33.407365+00:00,2025-05-31 04:06:33.674560+00:00,Minnesota
KXWNBAGAME-25MAY30NYWSH-NY,KXWNBAGAME-25MAY30NYWSH,New York,finalized,yes,1.0,2025-05-31 01:41:29.407272+00:00,2025-05-31 01:36:29.293094+00:00,New York
KXWNBAGAME-25MAY30NYWSH-WSH,KXWNBAGAME-25MAY30NYWSH,Washington,finalized,no,0.0,2025-05-31 01:41:29.407272+00:00,2025-05-31 01:36:29.293094+00:00,New York
KXWNBAGAME-25MAY31CHIDAL-CHI,KXWNBAGAME-25MAY31CHIDAL,Chicago,finalized,yes,1.0,2025-06-01 02:37:36.356457+00:00,2025-06-01 02:32:36.281045+00:00,Chicago
KXWNBAGAME-25MAY31CHIDAL-DAL,KXWNBAGAME-25MAY31CHIDAL,Dallas,finalized,no,0.0,2025-06-01 02:37:36.356457+00:00,2025-06-01 02:32:36.281045+00:00,Chicago
KXWNBAGAME-25OCT03PHXLVA-LVA,KXWNBAGAME-25OCT03PHXLVA,Las Vegas,finalized,yes,1.0,2025-10-04 02:44:02.009938+00:00,2025-10-04 02:38:35.290187+00:00,Las Vegas
KXWNBAGAME-25OCT03PHXLVA-PHX,KXWNBAGAME-25OCT03PHXLVA,Phoenix,finalized,no,0.0,2025-10-04 02:44:02.009938+00:00,2025-10-04 02:38:35.290187+00:00,Las Vegas
KXWNBAGAME-25OCT05PHXLVA-LVA,KXWNBAGAME-25OCT05PHXLVA,Las Vegas,finalized,yes,1.0,2025-10-05 21:21:46.408166+00:00,2025-10-05 21:16:46.490242+00:00,Las Vegas
KXWNBAGAME-25OCT05PHXLVA-PHX,KXWNBAGAME-25OCT05PHXLVA,Phoenix,finalized,no,0.0,2025-10-05 21:21:46.408166+00:00,2025-10-05 21:16:46.490242+00:00,Las Vegas
KXWNBAGAME-25OCT08LVAPHX-LVA,KXWNBAGAME-25OCT08LVAPHX,Las Vegas,finalized,yes,1.0,2025-10-09 02:45:57.285453+00:00,2025-10-09 02:40:27.594808+00:00,Las Vegas
KXWNBAGAME-25OCT08LVAPHX-PHX,KXWNBAGAME-25OCT08LVAPHX,Phoenix,finalized,no,0.0,2025-10-09 02:45:57.285453+00:00,2025-10-09 02:40:27.594808+00:00,Las Vegas
KXWNBAGAME-25OCT10LVAPHX-LVA,KXWNBAGAME-25OCT10LVAPHX,Las Vegas,finalized,yes,1.0,2025-10-11 02:37:31.843363+00:00,2025-10-11 02:32:31.084490+00:00,Las Vegas
KXWNBAGAME-25OCT10LVAPHX-PHX,KXWNBAGAME-25OCT10LVAPHX,Phoenix,finalized,no,0.0,2025-10-11 02:37:31.843363+00:00,2025-10-11 02:32:31.084490+00:00,Las Vegas
KXWNBAGAME-25SEP01ATLCONN-ATL,KXWNBAGAME-25SEP01ATLCONN,Atlanta,finalized,yes,1.0,2025-09-01 19:19:27.495440+00:00,2025-09-01 19:14:27.692666+00:00,Atlanta
KXWNBAGAME-25SEP01ATLCONN-CONN,KXWNBAGAME-25SEP01ATLCONN,Connecticut,finalized,no,0.0,2025-09-01 19:19:27.495440+00:00,2025-09-01 19:14:27.692666+00:00,Atlanta
KXWNBAGAME-25SEP01DALMIN-DAL,KXWNBAGAME-25SEP01DALMIN,Dallas,finalized,no,0.0,2025-09-02 02:14:07.082372+00:00,2025-09-02 02:09:06.673623+00:00,Minnesota
KXWNBAGAME-25SEP01DALMIN-MIN,KXWNBAGAME-25SEP01DALMIN,Minnesota,finalized,yes,1.0,2025-09-02 02:14:07.082372+00:00,2025-09-02 02:09:06.673623+00:00,Minnesota
KXWNBAGAME-25SEP01LASEA-LA,KXWNBAGAME-25SEP01LASEA,Los Angeles,finalized,yes,1.0,2025-09-02 04:14:43.086494+00:00,2025-09-02 04:09:42.674346+00:00,Los Angeles
KXWNBAGAME-25SEP01LASEA-SEA,KXWNBAGAME-25SEP01LASEA,Seattle,finalized,no,0.0,2025-09-02 04:14:43.086494+00:00,2025-09-02 04:09:42.674346+00:00,Los Angeles
KXWNBAGAME-25SEP02INDPHX-IND,KXWNBAGAME-25SEP02INDPHX,Indiana,finalized,no,0.0,2025-09-03 04:22:18.890055+00:00,2025-09-03 04:17:18.299062+00:00,Phoenix
KXWNBAGAME-25SEP02INDPHX-PHX,KXWNBAGAME-25SEP02INDPHX,Phoenix,finalized,yes,1.0,2025-09-03 04:22:18.890055+00:00,2025-09-03 04:17:18.299062+00:00,Phoenix
KXWNBAGAME-25SEP02NYGS-GS,KXWNBAGAME-25SEP02NYGS,Golden State,finalized,yes,1.0,2025-09-03 04:39:39.899695+00:00,2025-09-03 04:34:38.962920+00:00,Golden State
KXWNBAGAME-25SEP02NYGS-NY,KXWNBAGAME-25SEP02NYGS,New York,finalized,no,0.0,2025-09-03 04:39:39.899695+00:00,2025-09-03 04:34:38.962920+00:00,Golden State
KXWNBAGAME-25SEP03CONNCHI-CHI,KXWNBAGAME-25SEP03CONNCHI,Chicago,finalized,yes,1.0,2025-09-04 02:26:17.101610+00:00,2025-09-04 02:16:36.625826+00:00,Chicago
KXWNBAGAME-25SEP03CONNCHI-CONN,KXWNBAGAME-25SEP03CONNCHI,Connecticut,finalized,no,0.0,2025-09-04 02:26:17.101610+00:00,2025-09-04 02:16:36.625826+00:00,Chicago
KXWNBAGAME-25SEP03LAATL-ATL,KXWNBAGAME-25SEP03LAATL,Atlanta,finalized,yes,1.0,2025-09-04 01:41:01.891965+00:00,2025-09-04 01:36:00.996802+00:00,Atlanta
KXWNBAGAME-25SEP03LAATL-LA,KXWNBAGAME-25SEP03LAATL,Los Angeles,finalized,no,0.0,2025-09-04 01:41:01.891965+00:00,2025-09-04 01:36:00.996802+00:00,Atlanta
KXWNBAGAME-25SEP04DALGS-DAL,KXWNBAGAME-25SEP04DALGS,Dallas,finalized,no,0.0,2025-09-05 04:41:18.285523+00:00,2025-09-05 04:29:29.450941+00:00,Golden State
KXWNBAGAME-25SEP04DALGS-GS,KXWNBAGAME-25SEP04DALGS,Golden State,finalized,yes,1.0,2025-09-05 04:41:18.285523+00:00,2025-09-05 04:29:29.450941+00:00,Golden State
KXWNBAGAME-25SEP04MINLV-LV,KXWNBAGAME-25SEP04MINLV,Las Vegas,finalized,yes,1.0,2025-09-05 03:59:46.685204+00:00,2025-09-05 03:54:46.049728+00:00,Las Vegas
KXWNBAGAME-25SEP04MINLV-MIN,KXWNBAGAME-25SEP04MINLV,Minnesota,finalized,no,0.0,2025-09-05 03:59:46.685204+00:00,2025-09-05 03:54:46.049728+00:00,Las Vegas
KXWNBAGAME-25SEP04PHXWSH-PHX,KXWNBAGAME-25SEP04PHXWSH,Phoenix,finalized,yes,1.0,2025-09-05 01:41:37.692109+00:00,2025-09-05 01:36:37.385461+00:00,Phoenix
KXWNBAGAME-25SEP04PHXWSH-WSH,KXWNBAGAME-25SEP04PHXWSH,Washington,finalized,no,0.0,2025-09-05 01:41:37.692109+00:00,2025-09-05 01:36:37.385461+00:00,Phoenix
KXWNBAGAME-25SEP05CHIIND-CHI,KXWNBAGAME-25SEP05CHIIND,Chicago,finalized,no,0.0,2025-09-06 02:01:28.647068+00:00,2025-09-06 01:56:28.056424+00:00,Indiana
KXWNBAGAME-25SEP05CHIIND-IND,KXWNBAGAME-25SEP05CHIIND,Indiana,finalized,yes,1.0,2025-09-06 02:01:28.647068+00:00,2025-09-06 01:56:28.056424+00:00,Indiana
KXWNBAGAME-25SEP05LAATL-ATL,KXWNBAGAME-25SEP05LAATL,Atlanta,finalized,yes,1.0,2025-09-06 01:37:59.647866+00:00,2025-09-06 01:32:59.572709+00:00,Atlanta
KXWNBAGAME-25SEP05LAATL-LA,KXWNBAGAME-25SEP05LAATL,Los Angeles,finalized,no,0.0,2025-09-06 01:37:59.647866+00:00,2025-09-06 01:32:59.572709+00:00,Atlanta
KXWNBAGAME-25SEP05NYSEA-NY,KXWNBAGAME-25SEP05NYSEA,New York,finalized,yes,1.0,2025-09-06 04:17:32.647419+00:00,2025-09-06 04:12:32.256634+00:00,New York
KXWNBAGAME-25SEP05NYSEA-SEA,KXWNBAGAME-25SEP05NYSEA,Seattle,finalized,no,0.0,2025-09-06 04:17:32.647419+00:00,2025-09-06 04:12:32.256634+00:00,New York
KXWNBAGAME-25SEP06MINGS-GS,KXWNBAGAME-25SEP06MINGS,Golden State,finalized,no,0.0,2025-09-07 03:21:35.258735+00:00,2025-09-07 03:16:35.670225+00:00,Minnesota
KXWNBAGAME-25SEP06MINGS-MIN,KXWNBAGAME-25SEP06MINGS,Minnesota,finalized,yes,1.0,2025-09-07 03:21:35.258735+00:00,2025-09-07 03:16:35.670225+00:00,Minnesota
KXWNBAGAME-25SEP06PHXCONN-CONN,KXWNBAGAME-25SEP06PHXCONN,Connecticut,finalized,yes,1.0,2025-09-06 19:41:20.250248+00:00,2025-09-06 19:35:42.265029+00:00,Connecticut
KXWNBAGAME-25SEP06PHXCONN-PHX,KXWNBAGAME-25SEP06PHXCONN,Phoenix,finalized,no,0.0,2025-09-06 19:41:20.250248+00:00,2025-09-06 19:35:42.265029+00:00,Connecticut
KXWNBAGAME-25SEP07CHILV-CHI,KXWNBAGAME-25SEP07CHILV,Chicago,finalized,no,0.0,2025-09-08 04:49:16.970272+00:00,2025-09-08 04:44:16.543524+00:00,Las Vegas
KXWNBAGAME-25SEP07CHILV-LV,KXWNBAGAME-25SEP07CHILV,Las Vegas,finalized,yes,1.0,2025-09-08 04:49:16.970272+00:00,2025-09-08 04:44:16.543524+00:00,Las Vegas
KXWNBAGAME-25SEP07DALLA-DAL,KXWNBAGAME-25SEP07DALLA,Dallas,finalized,no,0.0,2025-09-08 01:56:36.970578+00:00,2025-09-08 01:51:36.548780+00:00,Los Angeles
KXWNBAGAME-25SEP07DALLA-LA,KXWNBAGAME-25SEP07DALLA,Los Angeles,finalized,yes,1.0,2025-09-08 01:56:36.970578+00:00,2025-09-08 01:51:36.548780+00:00,Los Angeles
KXWNBAGAME-25SEP07INDWSH-IND,KXWNBAGAME-25SEP07INDWSH,Indiana,finalized,yes,1.0,2025-09-07 23:14:54.770936+00:00,2025-09-07 23:08:34.752913+00:00,Indiana
KXWNBAGAME-25SEP07INDWSH-WSH,KXWNBAGAME-25SEP07INDWSH,Washington,finalized,no,0.0,2025-09-07 23:14:54.770936+00:00,2025-09-07 23:08:34.752913+00:00,Indiana
KXWNBAGAME-25SEP08CONNATL-ATL,KXWNBAGAME-25SEP08CONNATL,Atlanta,finalized,yes,1.0,2025-09-09 01:57:16.581893+00:00,2025-09-09 01:32:25.961158+00:00,Atlanta
KXWNBAGAME-25SEP08CONNATL-CONN,KXWNBAGAME-25SEP08CONNATL,Connecticut,finalized,no,0.0,2025-09-09 01:57:16.581893+00:00,2025-09-09 01:32:25.961158+00:00,Atlanta
KXWNBAGAME-25SEP09CHILV-CHI,KXWNBAGAME-25SEP09CHILV,Chicago,finalized,no,0.0,2025-09-10 04:11:06.768217+00:00,2025-09-10 04:06:06.464551+00:00,Las Vegas
KXWNBAGAME-25SEP09CHILV-LV,KXWNBAGAME-25SEP09CHILV,Las Vegas,finalized,yes,1.0,2025-09-10 04:11:06.768217+00:00,2025-09-10 04:06:06.464551+00:00,Las Vegas
KXWNBAGAME-25SEP09GSSEA-GS,KXWNBAGAME-25SEP09GSSEA,Golden State,finalized,no,0.0,2025-09-10 04:17:18.568756+00:00,2025-09-10 04:12:15.444140+00:00,Seattle
KXWNBAGAME-25SEP09GSSEA-SEA,KXWNBAGAME-25SEP09GSSEA,Seattle,finalized,yes,1.0,2025-09-10 04:17:18.568756+00:00,2025-09-10 04:12:15.444140+00:00,Seattle
KXWNBAGAME-25SEP09LAPHX-LA,KXWNBAGAME-25SEP09LAPHX,Los Angeles,finalized,yes,1.0,2025-09-10 04:17:14.768105+00:00,2025-09-10 04:12:14.341258+00:00,Los Angeles
KXWNBAGAME-25SEP09LAPHX-PHX,KXWNBAGAME-25SEP09LAPHX,Phoenix,finalized,no,0.0,2025-09-10 04:17:14.768105+00:00,2025-09-10 04:12:14.341258+00:00,Los Angeles
KXWNBAGAME-25SEP09MININD-IND,KXWNBAGAME-25SEP09MININD,Indiana,finalized,yes,1.0,2025-09-10 01:43:53.770749+00:00,2025-09-10 01:38:53.580132+00:00,Indiana
KXWNBAGAME-25SEP09MININD-MIN,KXWNBAGAME-25SEP09MININD,Minnesota,finalized,no,0.0,2025-09-10 01:43:53.770749+00:00,2025-09-10 01:38:53.580132+00:00,Indiana
KXWNBAGAME-25SEP09WSHNY-NY,KXWNBAGAME-25SEP09WSHNY,New York,finalized,yes,1.0,2025-09-10 01:09:45.781205+00:00,2025-09-10 01:04:45.636754+00:00,New York
KXWNBAGAME-25SEP09WSHNY-WSH,KXWNBAGAME-25SEP09WSHNY,Washington,finalized,no,0.0,2025-09-10 01:09:45.781205+00:00,2025-09-10 01:04:45.636754+00:00,New York
KXWNBAGAME-25SEP10ATLCONN-ATL,KXWNBAGAME-25SEP10ATLCONN,Atlanta,finalized,yes,1.0,2025-09-11 01:13:12.779150+00:00,2025-09-11 01:08:11.961951+00:00,Atlanta
KXWNBAGAME-25SEP10ATLCONN-CONN,KXWNBAGAME-25SEP10ATLCONN,Connecticut,finalized,no,0.0,2025-09-11 01:13:12.779150+00:00,2025-09-11 01:08:11.961951+00:00,Atlanta
KXWNBAGAME-25SEP11GSMIN-GS,KXWNBAGAME-25SEP11GSMIN,Golden State,finalized,no,0.0,2025-09-12 02:15:36.001057+00:00,2025-09-12 02:10:35.233690+00:00,Minnesota
KXWNBAGAME-25SEP11GSMIN-MIN,KXWNBAGAME-25SEP11GSMIN,Minnesota,finalized,yes,1.0,2025-09-12 02:15:36.001057+00:00,2025-09-12 02:10:35.233690+00:00,Minnesota
KXWNBAGAME-25SEP11LVLA-LA,KXWNBAGAME-25SEP11LVLA,Los Angeles,finalized,no,0.0,2025-09-12 04:03:28.010285+00:00,2025-09-12 03:58:27.175225+00:00,Las Vegas
KXWNBAGAME-25SEP11LVLA-LV,KXWNBAGAME-25SEP11LVLA,Las Vegas,finalized,yes,1.0,2025-09-12 04:03:28.010285+00:00,2025-09-12 03:58:27.175225+00:00,Las Vegas
KXWNBAGAME-25SEP11NYCHI-CHI,KXWNBAGAME-25SEP11NYCHI,Chicago,finalized,no,0.0,2025-09-12 02:03:19.414418+00:00,2025-09-12 01:58:18.975894+00:00,New York
KXWNBAGAME-25SEP11NYCHI-NY,KXWNBAGAME-25SEP11NYCHI,New York,finalized,yes,1.0,2025-09-12 02:03:19.414418+00:00,2025-09-12 01:58:18.975894+00:00,New York
KXWNBAGAME-25SEP11PHXDAL-DAL,KXWNBAGAME-25SEP11PHXDAL,Dallas,finalized,yes,1.0,2025-09-12 02:14:10.210321+00:00,2025-09-12 02:09:09.121853+00:00,Dallas
KXWNBAGAME-25SEP11PHXDAL-PHX,KXWNBAGAME-25SEP11PHXDAL,Phoenix,finalized,no,0.0,2025-09-12 02:14:10.210321+00:00,2025-09-12 02:09:09.121853+00:00,Dallas
KXWNBAGAME-25SEP14GSVMIN-GSV,KXWNBAGAME-25SEP14GSVMIN,Golden State,finalized,no,0.0,2025-09-15 02:29:51.811445+00:00,2025-09-15 02:24:47.948105+00:00,Minnesota
KXWNBAGAME-25SEP14GSVMIN-MIN,KXWNBAGAME-25SEP14GSVMIN,Minnesota,finalized,yes,1.0,2025-09-15 02:29:51.811445+00:00,2025-09-15 02:24:47.948105+00:00,Minnesota
KXWNBAGAME-25SEP14INDATL-ATL,KXWNBAGAME-25SEP14INDATL,Atlanta,finalized,yes,1.0,2025-09-15 02:38:20.821570+00:00,2025-09-15 02:33:17.433675+00:00,Atlanta
KXWNBAGAME-25SEP14INDATL-IND,KXWNBAGAME-25SEP14INDATL,Indiana,finalized,no,0.0,2025-09-15 02:38:20.821570+00:00,2025-09-15 02:33:17.433675+00:00,Atlanta
KXWNBAGAME-25SEP14NYLPHX-NYL,KXWNBAGAME-25SEP14NYLPHX,New York,finalized,yes,1.0,2025-09-15 02:40:19.832424+00:00,2025-09-15 02:35:15.928271+00:00,New York
KXWNBAGAME-25SEP14NYLPHX-PHX,KXWNBAGAME-25SEP14NYLPHX,Phoenix,finalized,no,0.0,2025-09-15 02:40:19.832424+00:00,2025-09-15 02:35:15.928271+00:00,New York
KXWNBAGAME-25SEP14SEALVA-LVA,KXWNBAGAME-25SEP14SEALVA,Las Vegas,finalized,yes,1.0,2025-09-15 04:17:21.811284+00:00,2025-09-15 04:12:18.814618+00:00,Las Vegas
KXWNBAGAME-25SEP14SEALVA-SEA,KXWNBAGAME-25SEP14SEALVA,Seattle,finalized,no,0.0,2025-09-15 04:17:21.811284+00:00,2025-09-15 04:12:18.814618+00:00,Las Vegas
KXWNBAGAME-25SEP16ATLIND-ATL,KXWNBAGAME-25SEP16ATLIND,Atlanta,finalized,no,0.0,2025-09-17 04:01:45.842068+00:00,2025-09-17 03:56:42.650938+00:00,Indiana
KXWNBAGAME-25SEP16ATLIND-IND,KXWNBAGAME-25SEP16ATLIND,Indiana,finalized,yes,1.0,2025-09-17 04:01:45.842068+00:00,2025-09-17 03:56:42.650938+00:00,Indiana
KXWNBAGAME-25SEP16LVSEA-LV,KXWNBAGAME-25SEP16LVSEA,Las Vegas,finalized,no,0.0,2025-09-17 04:01:05.822184+00:00,2025-09-17 03:56:01.983581+00:00,Seattle
KXWNBAGAME-25SEP16LVSEA-SEA,KXWNBAGAME-25SEP16LVSEA,Seattle,finalized,yes,1.0,2025-09-17 04:01:05.822184+00:00,2025-09-17 03:56:01.983581+00:00,Seattle
KXWNBAGAME-25SEP17MINGSV-GSV,KXWNBAGAME-25SEP17MINGSV,Golden State,finalized,no,0.0,2025-09-18 04:40:42.818104+00:00,2025-09-18 04:35:38.888703+00:00,Minnesota
KXWNBAGAME-25SEP17MINGSV-MIN,KXWNBAGAME-25SEP17MINGSV,Minnesota,finalized,yes,1.0,2025-09-18 04:40:42.818104+00:00,2025-09-18 04:35:38.888703+00:00,Minnesota
KXWNBAGAME-25SEP17PHXNYL-NYL,KXWNBAGAME-25SEP17PHXNYL,New York,finalized,no,0.0,2025-09-18 02:36:35.798339+00:00,2025-09-18 02:31:32.201661+00:00,Phoenix
KXWNBAGAME-25SEP17PHXNYL-PHX,KXWNBAGAME-25SEP17PHXNYL,Phoenix,finalized,yes,1.0,2025-09-18 02:36:35.798339+00:00,2025-09-18 02:31:32.201661+00:00,Phoenix
KXWNBAGAME-25SEP18INDATL-ATL,KXWNBAGAME-25SEP18INDATL,Atlanta,finalized,no,0.0,2025-09-19 02:08:48.366775+00:00,2025-09-19 02:03:45.311680+00:00,Indiana
KXWNBAGAME-25SEP18INDATL-IND,KXWNBAGAME-25SEP18INDATL,Indiana,finalized,yes,1.0,2025-09-19 02:08:48.366775+00:00,2025-09-19 02:03:45.311680+00:00,Indiana
KXWNBAGAME-25SEP18SEALV-LV,KXWNBAGAME-25SEP18SEALV,Las Vegas,finalized,yes,1.0,2025-09-19 04:17:12.572441+00:00,2025-09-19 04:12:09.666861+00:00,Las Vegas
KXWNBAGAME-25SEP18SEALV-SEA,KXWNBAGAME-25SEP18SEALV,Seattle,finalized,no,0.0,2025-09-19 04:17:12.572441+00:00,2025-09-19 04:12:09.666861+00:00,Las Vegas
KXWNBAGAME-25SEP19NYPHX-NY,KXWNBAGAME-25SEP19NYPHX,New York,finalized,no,0.0,2025-09-20 03:29:12.561198+00:00,2025-09-20 03:24:09.590092+00:00,Phoenix
KXWNBAGAME-25SEP19NYPHX-PHX,KXWNBAGAME-25SEP19NYPHX,Phoenix,finalized,yes,1.0,2025-09-20 03:29:12.561198+00:00,2025-09-20 03:24:09.590092+00:00,Phoenix
KXWNBAGAME-25SEP21INDLVA-IND,KXWNBAGAME-25SEP21INDLVA,Indiana,finalized,yes,1.0,2025-09-21 21:11:23.983223+00:00,2025-09-21 21:06:20.102865+00:00,Indiana
KXWNBAGAME-25SEP21INDLVA-LVA,KXWNBAGAME-25SEP21INDLVA,Las Vegas,finalized,no,0.0,2025-09-21 21:11:23.983223+00:00,2025-09-21 21:06:20.102865+00:00,Indiana
KXWNBAGAME-25SEP21PHXMIN-MIN,KXWNBAGAME-25SEP21PHXMIN,Minnesota,finalized,yes,1.0,2025-09-21 23:46:04.768621+00:00,2025-09-21 23:41:01.502744+00:00,Minnesota
KXWNBAGAME-25SEP21PHXMIN-PHX,KXWNBAGAME-25SEP21PHXMIN,Phoenix,finalized,no,0.0,2025-09-21 23:46:04.768621+00:00,2025-09-21 23:41:01.502744+00:00,Minnesota
KXWNBAGAME-25SEP23INDLVA-IND,KXWNBAGAME-25SEP23INDLVA,Indiana,finalized,no,0.0,2025-09-24 03:47:32.834097+00:00,2025-09-24 03:42:32.332742+00:00,Las Vegas
KXWNBAGAME-25SEP23INDLVA-LVA,KXWNBAGAME-25SEP23INDLVA,Las Vegas,finalized,yes,1.0,2025-09-24 03:47:32.834097+00:00,2025-09-24 03:42:32.332742+00:00,Las Vegas
KXWNBAGAME-25SEP23PHXMIN-MIN,KXWNBAGAME-25SEP23PHXMIN,Minnesota,finalized,no,0.0,2025-09-24 02:10:01.043628+00:00,2025-09-24 02:04:59.986465+00:00,Phoenix
KXWNBAGAME-25SEP23PHXMIN-PHX,KXWNBAGAME-25SEP23PHXMIN,Phoenix,finalized,yes,1.0,2025-09-24 02:10:01.043628+00:00,2025-09-24 02:04:59.986465+00:00,Phoenix
KXWNBAGAME-25SEP26LVAIND-IND,KXWNBAGAME-25SEP26LVAIND,Indiana,finalized,no,0.0,2025-09-27 02:04:17.544475+00:00,2025-09-27 01:58:51.136334+00:00,Las Vegas
KXWNBAGAME-25SEP26LVAIND-LVA,KXWNBAGAME-25SEP26LVAIND,Las Vegas,finalized,yes,1.0,2025-09-27 02:04:17.544475+00:00,2025-09-27 01:58:51.136334+00:00,Las Vegas
KXWNBAGAME-25SEP26MINPHX-MIN,KXWNBAGAME-25SEP26MINPHX,Minnesota,finalized,no,0.0,2025-09-27 04:00:31.738152+00:00,2025-09-27 03:55:31.649348+00:00,Phoenix
KXWNBAGAME-25SEP26MINPHX-PHX,KXWNBAGAME-25SEP26MINPHX,Phoenix,finalized,yes,1.0,2025-09-27 04:00:31.738152+00:00,2025-09-27 03:55:31.649348+00:00,Phoenix
KXWNBAGAME-25SEP28LVAIND-IND,KXWNBAGAME-25SEP28LVAIND,Indiana,finalized,yes,1.0,2025-09-28 21:39:56.522309+00:00,2025-09-28 21:34:56.350847+00:00,Indiana
KXWNBAGAME-25SEP28LVAIND-LVA,KXWNBAGAME-25SEP28LVAIND,Las Vegas,finalized,no,0.0,2025-09-28 21:39:56.522309+00:00,2025-09-28 21:34:56.350847+00:00,Indiana
KXWNBAGAME-25SEP28MINPHX-MIN,KXWNBAGAME-25SEP28MINPHX,Minnesota,finalized,no,0.0,2025-09-29 02:24:01.568101+00:00,2025-09-29 02:19:00.935588+00:00,Phoenix
KXWNBAGAME-25SEP28MINPHX-PHX,KXWNBAGAME-25SEP28MINPHX,Phoenix,finalized,yes,1.0,2025-09-29 02:24:01.568101+00:00,2025-09-29 02:19:00.935588+00:00,Phoenix
KXWNBAGAME-25SEP30INDLVA-IND,KXWNBAGAME-25SEP30INDLVA,Indiana,finalized,no,0.0,2025-10-01 04:24:14.028332+00:00,2025-10-01 04:19:13.899060+00:00,Las Vegas
KXWNBAGAME-25SEP30INDLVA-LVA,KXWNBAGAME-25SEP30INDLVA,Las Vegas,finalized,yes,1.0,2025-10-01 04:24:14.028332+00:00,2025-10-01 04:19:13.899060+00:00,Las Vegas
