event_ticker,game_id,game_date,open_time,close_time,status,team_a,team_a_id,team_b,team_b_id,winner,game_label,title
KXWNBAGAME-25MAY22INDATL,d1bd5e4c-1d9e-47c6-b24e-52544a1a2c13,2025-05-22,2025-05-22T00:00:00Z,2025-05-23T04:16:28.48545Z,finalized,Indiana,f073a15f-0486-4179-b0a3-dfd0294eb595,Atlanta,5d70a9af-8c2b-4aec-9e68-9acc6ddb93e4,Indiana,,Indiana vs Atlanta Winner?
KXWNBAGAME-25MAY23WSHLV,b8786c5b-6a05-49e0-9ba2-0bc7db3e8a60,2025-05-22,2025-05-22T13:43:00Z,2025-05-24T04:16:29.822181Z,finalized,Washington,5c0d47fe-8539-47b0-9f36-d0b3609ca89b,Las Vegas,171b097d-01db-4ae8-9d56-035689402ec6,Las Vegas,,Washington vs Las Vegas Winner?
KXWNBAGAME-25MAY23GSLA,a35a38a3-fdb6-40a3-86f1-842d77ac32bf,2025-05-22,2025-05-22T13:43:00Z,2025-05-24T04:12:25.723205Z,finalized,Golden State,4f57ec40-0d35-4b59-bea0-9d040f0d2292,Los Angeles,0a5ad38d-2fe3-43ba-894b-1ba3d5042ea9,Golden State,,Golden State vs Los Angeles Winner?
KXWNBAGAME-25MAY22NYCHI,5aab29d7-6671-4deb-a42c-c71a01e82f9f,2025-05-22,2025-05-22T00:00:00Z,2025-05-23T04:16:29.337322Z,finalized,New York,08ed8274-e29f-4248-bc2e-83cc8ed18d75,Chicago,3c409388-ab73-4c7f-953d-3a71062240f6,New York,,New York vs Chicago Winner?
KXWNBAGAME-25MAY23CONNMIN,92c4a40c-74f4-4a28-be37-18237fca81a5,2025-05-22,2025-05-22T13:43:00Z,2025-05-24T01:42:29.419026Z,finalized,Connecticut,a015b02d-845c-40c1-8ef4-844984f47e4d,Minnesota,6f017f37-be96-4bdc-b6d3-0a0429c72e89,Minnesota,,Connecticut vs Minnesota Winner?
KXWNBAGAME-25MAY23PHXSEA,10582ee6-a493-4e18-9878-6203b5e8065d,2025-05-22,2025-05-22T13:43:00Z,2025-05-24T04:06:11.856712Z,finalized,Phoenix,0699edf3-5993-4182-b9b4-ec935cbd4fcc,Seattle,d6a012ed-84aa-48d3-8265-2d3f3ff2199a,Seattle,,Phoenix vs Seattle Winner?
KXWNBAGAME-25MAY24DALATL,2eee580f-c783-4be6-baeb-d082df2690a2,2025-05-23,2025-05-23T15:12:00Z,2025-05-24T21:08:31.376613Z,finalized,Dallas,5f0b5caf-708b-4300-92f2-53b51d83ec06,Atlanta,5d70a9af-8c2b-4aec-9e68-9acc6ddb93e4,Atlanta,,Dallas vs Atlanta Winner?
KXWNBAGAME-25MAY24NYIND,1af6c1e1-fa3c-4263-8c71-da93fc3e0406,2025-05-23,2025-05-23T15:12:00Z,2025-05-24T19:22:11.660563Z,finalized,New York,08ed8274-e29f-4248-bc2e-83cc8ed18d75,Indiana,f073a15f-0486-4179-b0a3-dfd0294eb595,New York,,New York vs Indiana Winner?
KXWNBAGAME-25MAY25LVSEA,5a9dfeb9-11f2-42a8-97c9-81e381c4a9fa,2025-05-24,2025-05-24T14:46:00Z,2025-05-26T00:04:24.929665Z,finalized,Las Vegas,171b097d-01db-4ae8-9d56-035689402ec6,Seattle,d6a012ed-84aa-48d3-8265-2d3f3ff2199a,Seattle,,Las Vegas vs Seattle Winner?
KXWNBAGAME-25MAY25WSHPHX,bbd4ae77-444a-4dfe-ad87-70233844aa1d,2025-05-24,2025-05-24T14:46:00Z,2025-05-26T00:18:12.201992Z,finalized,Washington,5c0d47fe-8539-47b0-9f36-d0b3609ca89b,Phoenix,0699edf3-5993-4182-b9b4-ec935cbd4fcc,Phoenix,,Washington vs Phoenix Winner?
KXWNBAGAME-25MAY25CHILA,d93c9688-bbdf-4066-ac6b-159c3c6dd32d,2025-05-24,2025-05-24T14:46:00Z,2025-05-26T00:12:12.773518Z,finalized,Chicago,3c409388-ab73-4c7f-953d-3a71062240f6,Los Angeles,0a5ad38d-2fe3-43ba-894b-1ba3d5042ea9,Los Angeles,,Chicago vs Los Angeles Winner?
KXWNBAGAME-25MAY25CONNATL,b0d98920-a05f-481d-9dea-7046f3e6fc33,2025-05-24,2025-05-24T14:46:00Z,2025-05-25T21:04:12.737902Z,finalized,Connecticut,a015b02d-845c-40c1-8ef4-844984f47e4d,Atlanta,5d70a9af-8c2b-4aec-9e68-9acc6ddb93e4,Atlanta,,Connecticut vs Atlanta Winner?
KXWNBAGAME-25MAY27GSNY,5f3d74e1-8cdd-4616-aedf-f1e90dc75db0,2025-05-26,2025-05-26T12:05:00Z,2025-05-28T01:03:18.164748Z,finalized,Golden State,4f57ec40-0d35-4b59-bea0-9d040f0d2292,New York,08ed8274-e29f-4248-bc2e-83cc8ed18d75,New York,,Golden State vs New York Winner?
KXWNBAGAME-25MAY27DALCONN,8a594783-4b88-43cd-b381-a8660e3a0766,2025-05-26,2025-05-26T12:05:00Z,2025-05-28T01:16:31.821193Z,finalized,Dallas,5f0b5caf-708b-4300-92f2-53b51d83ec06,Connecticut,a015b02d-845c-40c1-8ef4-844984f47e4d,Dallas,,Dallas vs Connecticut Winner?
KXWNBAGAME-25MAY27SEAMIN,ee675eed-ef15-494e-a8f4-e0202373e26c,2025-05-26,2025-05-26T12:05:00Z,2025-05-28T02:24:36.876184Z,finalized,Seattle,d6a012ed-84aa-48d3-8265-2d3f3ff2199a,Minnesota,6f017f37-be96-4bdc-b6d3-0a0429c72e89,Minnesota,,Seattle vs Minnesota Winner?
KXWNBAGAME-25MAY27CHIPHX,35c05ea8-240a-4d51-8940-e54f7f1e403f,2025-05-26,2025-05-26T12:05:00Z,2025-05-28T04:08:35.914752Z,finalized,Chicago,3c409388-ab73-4c7f-953d-3a71062240f6,Phoenix,0699edf3-5993-4182-b9b4-ec935cbd4fcc,Phoenix,,Chicago vs Phoenix Winner?
KXWNBAGAME-25MAY27ATLLA,9cfc31da-5b6e-4ee4-87cf-2051401bf23a,2025-05-26,2025-05-26T12:05:00Z,2025-05-28T04:18:31.457635Z,finalized,Atlanta,5d70a9af-8c2b-4aec-9e68-9acc6ddb93e4,Los Angeles,0a5ad38d-2fe3-43ba-894b-1ba3d5042ea9,Atlanta,,Atlanta vs Los Angeles Winner?
KXWNBAGAME-25MAY28INDWSH,35aee448-2794-4453-9b79-17b91ac28be2,2025-05-27,2025-05-27T14:26:00Z,2025-05-29T01:56:30.101058Z,finalized,Indiana,f073a15f-0486-4179-b0a3-dfd0294eb595,Washington,5c0d47fe-8539-47b0-9f36-d0b3609ca89b,Washington,,Indiana vs Washington Winner?
KXWNBAGAME-25MAY30ATLSEA,b362941f-7c63-4698-b2fd-94d03931d2c4,2025-05-29,2025-05-29T16:57:00Z,2025-05-31T04:24:32.29213Z,finalized,Atlanta,5d70a9af-8c2b-4aec-9e68-9acc6ddb93e4,Seattle,d6a012ed-84aa-48d3-8265-2d3f3ff2199a,Atlanta,,Atlanta vs Seattle Winner?
KXWNBAGAME-25MAY30NYWSH,e09bd75a-f5bc-42c2-aff3-96b24323a37d,2025-05-29,2025-05-29T16:57:00Z,2025-05-31T01:36:29.293094Z,finalized,New York,08ed8274-e29f-4248-bc2e-83cc8ed18d75,Washington,5c0d47fe-8539-47b0-9f36-d0b3609ca89b,New York,,New York vs Washington Winner?
KXWNBAGAME-25MAY30LALV,f3470bfa-ede4-4a89-9112-c19f16602f14,2025-05-29,2025-05-29T16:57:00Z,2025-05-31T04:12:35.763279Z,finalized,Los Angeles,0a5ad38d-2fe3-43ba-894b-1ba3d5042ea9,Las Vegas,171b097d-01db-4ae8-9d56-035689402ec6,Las Vegas,,Los Angeles vs Las Vegas Winner?
KXWNBAGAME-25MAY29DALCHI,65e262be-3840-4e8e-bf9a-a4d9fe9acce4,2025-05-29,2025-05-29T02:55:00Z,2025-05-30T02:12:30.725446Z,finalized,Dallas,5f0b5caf-708b-4300-92f2-53b51d83ec06,Chicago,3c409388-ab73-4c7f-953d-3a71062240f6,Chicago,,Dallas vs Chicago Winner?
KXWNBAGAME-25MAY30CONNIND,1d299098-034f-480d-af99-bcebd640859e,2025-05-29,2025-05-29T16:57:00Z,2025-05-31T01:58:22.94457Z,finalized,Connecticut,a015b02d-845c-40c1-8ef4-844984f47e4d,Indiana,f073a15f-0486-4179-b0a3-dfd0294eb595,Connecticut,,Connecticut vs Indiana Winner?
KXWNBAGAME-25MAY30MINPHX,c3e32fcd-a01f-4508-a0a0-cd764857ad67,2025-05-29,2025-05-29T16:57:00Z,2025-05-31T04:06:33.67456Z,finalized,Minnesota,6f017f37-be96-4bdc-b6d3-0a0429c72e89,Phoenix,0699edf3-5993-4182-b9b4-ec935cbd4fcc,Minnesota,,Minnesota vs Phoenix Winner?
KXWNBAGAME-25MAY29GSNY,a17fdde4-604b-4197-8c9a-97dc9b78c44e,2025-05-29,2025-05-29T02:55:00Z,2025-05-30T01:16:17.504492Z,finalized,Golden State,4f57ec40-0d35-4b59-bea0-9d040f0d2292,New York,08ed8274-e29f-4248-bc2e-83cc8ed18d75,New York,,Golden State vs New York Winner?
KXWNBAGAME-25MAY31CHIDAL,edfd325f-1f56-417a-9e52-bc60e744f09c,2025-05-30,2025-05-30T12:05:00Z,2025-06-01T02:32:36.281045Z,finalized,Chicago,3c409388-ab73-4c7f-953d-3a71062240f6,Dallas,5f0b5caf-708b-4300-92f2-53b51d83ec06,Chicago,,Chicago vs Dallas Winner?
KXWNBAGAME-25JUN01CONNNY,765fac81-ca49-432b-8368-a419565a5531,2025-05-31,2025-05-31T12:05:00Z,2025-06-01T21:03:35.998296Z,finalized,Connecticut,a015b02d-845c-40c1-8ef4-844984f47e4d,New York,08ed8274-e29f-4248-bc2e-83cc8ed18d75,New York,,Connecticut vs New York Winner?
KXWNBAGAME-25JUN01LVSEA,58213aa0-65d0-474d-8f26-5b28ea18b59d,2025-05-31,2025-05-31T12:05:00Z,2025-06-02T00:12:43.375376Z,finalized,Las Vegas,171b097d-01db-4ae8-9d56-035689402ec6,Seattle,d6a012ed-84aa-48d3-8265-2d3f3ff2199a,Las Vegas,,Las Vegas vs Seattle Winner?
KXWNBAGAME-25JUN01PHXLA,c9d9dbf0-f3e6-4f3f-b2a5-e83fe165023d,2025-05-31,2025-05-31T12:05:00Z,2025-06-02T00:16:22.702993Z,finalized,Phoenix,0699edf3-5993-4182-b9b4-ec935cbd4fcc,Los Angeles,0a5ad38d-2fe3-43ba-894b-1ba3d5042ea9,Phoenix,,Phoenix vs Los Angeles Winner?
KXWNBAGAME-25JUN01MINGS,9998a61a-229c-44c2-b892-ee5b1ea16c23,2025-05-31,2025-05-31T12:05:00Z,2025-06-02T02:54:32.647113Z,finalized,Minnesota,6f017f37-be96-4bdc-b6d3-0a0429c72e89,Golden State,4f57ec40-0d35-4b59-bea0-9d040f0d2292,Minnesota,,Minnesota vs Golden State Winner?
KXWNBAGAME-25JUN03WSHIND,ad3c9dd5-f619-4f67-8827-5fa1c32197a9,2025-06-02,2025-06-02T12:05:00Z,2025-06-04T01:18:28.819814Z,finalized,Washington,5c0d47fe-8539-47b0-9f36-d0b3609ca89b,Indiana,f073a15f-0486-4179-b0a3-dfd0294eb595,Indiana,,Washington vs Indiana Winner?
KXWNBAGAME-25JUN03DALSEA,ed7f05ed-46c5-44b7-84d2-222654ca74f9,2025-06-02,2025-06-02T12:05:00Z,2025-06-04T03:56:30.220325Z,finalized,Dallas,5f0b5caf-708b-4300-92f2-53b51d83ec06,Seattle,d6a012ed-84aa-48d3-8265-2d3f3ff2199a,Seattle,,Dallas vs Seattle Winner?
KXWNBAGAME-25JUN03PHXMIN,272d53ae-a46b-43bc-ac0f-8a846e03a9d1,2025-06-02,2025-06-02T12:05:00Z,2025-06-04T01:56:45.903592Z,finalized,Phoenix,0699edf3-5993-4182-b9b4-ec935cbd4fcc,Minnesota,6f017f37-be96-4bdc-b6d3-0a0429c72e89,Minnesota,,Phoenix vs Minnesota Winner?
KXWNBAGAME-25JUN05NYWSH,f8baaf5b-f1fa-4923-9eec-e85ed7a82142,2025-06-04,2025-06-04T12:05:00Z,2025-06-06T01:54:29.966843Z,finalized,New York,08ed8274-e29f-4248-bc2e-83cc8ed18d75,Washington,5c0d47fe-8539-47b0-9f36-d0b3609ca89b,New York,,New York vs Washington Winner?
KXWNBAGAME-25JUN05GSPHX,45eb60bf-a1b9-4f49-90cb-62097ff47bbd,2025-06-04,2025-06-04T12:05:00Z,2025-06-06T04:20:58.283095Z,finalized,Golden State,4f57ec40-0d35-4b59-bea0-9d040f0d2292,Phoenix,0699edf3-5993-4182-b9b4-ec935cbd4fcc,Phoenix,,Golden State vs Phoenix Winner?
KXWNBAGAME-25JUN06ATLCONN,772cef5b-3110-4eaf-a68b-6eb3cd04f42a,2025-06-05,2025-06-05T12:05:00Z,2025-06-07T01:42:35.297851Z,finalized,Atlanta,5d70a9af-8c2b-4aec-9e68-9acc6ddb93e4,Connecticut,a015b02d-845c-40c1-8ef4-844984f47e4d,Connecticut,,Atlanta vs Connecticut Winner?
KXWNBAGAME-25JUN06LADAL,47a7d227-3c32-40e6-a7ef-8ac8ab76d1a4,2025-06-05,2025-06-05T12:05:00Z,2025-06-07T03:48:16.259382Z,finalized,Los Angeles,0a5ad38d-2fe3-43ba-894b-1ba3d5042ea9,Dallas,5f0b5caf-708b-4300-92f2-53b51d83ec06,Los Angeles,,Los Angeles vs Dallas Winner?
KXWNBAGAME-25JUN07SEAPHX,639e72ff-50dd-401b-a2a8-dd49fdd02b89,2025-06-06,2025-06-06T12:05:00Z,2025-06-08T04:03:18.308489Z,finalized,Seattle,d6a012ed-84aa-48d3-8265-2d3f3ff2199a,Phoenix,0699edf3-5993-4182-b9b4-ec935cbd4fcc,Seattle,,Seattle vs Phoenix Winner?
KXWNBAGAME-25JUN07LVGS,8b0ee0bd-54cf-4be2-a8ba-b16813be20b6,2025-06-06,2025-06-06T12:05:00Z,2025-06-07T21:30:49.354638Z,finalized,Las Vegas,171b097d-01db-4ae8-9d56-035689402ec6,Golden State,4f57ec40-0d35-4b59-bea0-9d040f0d2292,Golden State,,Las Vegas vs Golden State Winner?
KXWNBAGAME-25JUN07INDCHI,6022e6ab-04da-4d0b-9ef0-7cad9d8f09cc,2025-06-06,2025-06-06T12:05:00Z,2025-06-08T02:14:37.096979Z,finalized,Indiana,f073a15f-0486-4179-b0a3-dfd0294eb595,Chicago,3c409388-ab73-4c7f-953d-3a71062240f6,Indiana,,Indiana vs Chicago Winner?
KXWNBAGAME-25JUN08MINDAL,274b94f6-f288-4d46-bf2c-1b3ffaddacdf,2025-06-07,2025-06-07T12:05:00Z,2025-06-08T22:12:21.418934Z,finalized,Minnesota,6f017f37-be96-4bdc-b6d3-0a0429c72e89,Dallas,5f0b5caf-708b-4300-92f2-53b51d83ec06,Minnesota,,Minnesota vs Dallas Winner?
KXWNBAGAME-25JUN08CONNWSH,d181b175-a503-4a37-a3ce-9673570c903d,2025-06-07,2025-06-07T12:05:00Z,2025-06-08T21:22:35.458396Z,finalized,Connecticut,a015b02d-845c-40c1-8ef4-844984f47e4d,Washington,5c0d47fe-8539-47b0-9f36-d0b3609ca89b,Washington,,Connecticut vs Washington Winner?
KXWNBAGAME-25JUN09GSLA,5e1d090c-1c51-494b-8c1f-1f1ba520ee2a,2025-06-08,2025-06-08T12:05:00Z,2025-06-10T04:34:34.974728Z,finalized,Golden State,4f57ec40-0d35-4b59-bea0-9d040f0d2292,Los Angeles,0a5ad38d-2fe3-43ba-894b-1ba3d5042ea9,Golden State,,Golden State vs Los Angeles Winner?
KXWNBAGAME-25JUN10CHINY,b4e88ec3-e017-41ee-9815-d884b722b6e5,2025-06-09,2025-06-09T12:05:00Z,2025-06-11T01:58:44.009384Z,finalized,Chicago,3c409388-ab73-4c7f-953d-3a71062240f6,New York,08ed8274-e29f-4248-bc2e-83cc8ed18d75,New York,,Chicago vs New York Winner?
KXWNBAGAME-25JUN10INDATL,4a60d4ef-8d10-4f25-bab6-346332242fd5,2025-06-09,2025-06-09T12:05:00Z,2025-06-11T01:44:34.961196Z,finalized,Indiana,f073a15f-0486-4179-b0a3-dfd0294eb595,Atlanta,5d70a9af-8c2b-4aec-9e68-9acc6ddb93e4,Atlanta,,Indiana vs Atlanta Winner?
KXWNBAGAME-25JUN11MINSEA,79540e2c-1097-4658-8983-740bf9bcb90f,2025-06-10,2025-06-10T12:05:00Z,2025-06-12T04:12:52.622165Z,finalized,Minnesota,6f017f37-be96-4bdc-b6d3-0a0429c72e89,Seattle,d6a012ed-84aa-48d3-8265-2d3f3ff2199a,Seattle,,Minnesota vs Seattle Winner?
KXWNBAGAME-25JUN11LALV,84da0d09-cdf5-46a5-89eb-d489373ed8ed,2025-06-10,2025-06-10T12:05:00Z,2025-06-12T04:18:49.252189Z,finalized,Los Angeles,0a5ad38d-2fe3-43ba-894b-1ba3d5042ea9,Las Vegas,171b097d-01db-4ae8-9d56-035689402ec6,Los Angeles,,Los Angeles vs Las Vegas Winner?
KXWNBAGAME-25JUN11DALPHX,b2ddc164-9bb2-4439-86c3-4fd90c929a5b,2025-06-10,2025-06-10T12:05:00Z,2025-06-12T04:04:19.540246Z,finalized,Dallas,5f0b5caf-708b-4300-92f2-53b51d83ec06,Phoenix,0699edf3-5993-4182-b9b4-ec935cbd4fcc,Phoenix,,Dallas vs Phoenix Winner?
KXWNBAGAME-25JUN13CHIATL,c95f06b7-8138-460b-bc1d-e9c9478156eb,2025-06-12,2025-06-12T12:05:00Z,2025-06-14T01:40:43.393704Z,finalized,Chicago,3c409388-ab73-4c7f-953d-3a71062240f6,Atlanta,5d70a9af-8c2b-4aec-9e68-9acc6ddb93e4,Atlanta,,Chicago vs Atlanta Winner?
KXWNBAGAME-25JUN13DALLV,95640028-ee51-4c32-89e0-b7258c3072b2,2025-06-12,2025-06-12T12:05:00Z,2025-06-14T04:14:44.563621Z,finalized,Dallas,5f0b5caf-708b-4300-92f2-53b51d83ec06,Las Vegas,171b097d-01db-4ae8-9d56-035689402ec6,Las Vegas,,Dallas vs Las Vegas Winner?
KXWNBAGAME-25JUN14LAMIN,998caf2f-d2a7-45f9-b02d-657e1bdfdb4b,2025-06-13,2025-06-13T12:05:00Z,2025-06-14T19:18:48.45393Z,finalized,Los Angeles,0a5ad38d-2fe3-43ba-894b-1ba3d5042ea9,Minnesota,6f017f37-be96-4bdc-b6d3-0a0429c72e89,Minnesota,,Los Angeles vs Minnesota Winner?
KXWNBAGAME-25JUN14NYIND,f43d1b9c-6f44-4c54-a1a7-cd450611311c,2025-06-13,2025-06-13T12:05:00Z,2025-06-14T21:22:49.134804Z,finalized,New York,08ed8274-e29f-4248-bc2e-83cc8ed18d75,Indiana,f073a15f-0486-4179-b0a3-dfd0294eb595,Indiana,,New York vs Indiana Winner?
KXWNBAGAME-25JUN14SEAGS,ee13e918-b149-4c1e-8ae9-03cf0618c5d9,2025-06-13,2025-06-13T12:05:00Z,2025-06-15T02:58:22.332591Z,finalized,Seattle,d6a012ed-84aa-48d3-8265-2d3f3ff2199a,Golden State,4f57ec40-0d35-4b59-bea0-9d040f0d2292,Golden State,,Seattle vs Golden State Winner?
KXWNBAGAME-25JUN15CHICONN,962dcb61-9ab7-45cf-8224-bcf693a06ceb,2025-06-14,2025-06-14T12:05:00Z,2025-06-15T18:10:51.368536Z,finalized,Chicago,3c409388-ab73-4c7f-953d-3a71062240f6,Connecticut,a015b02d-845c-40c1-8ef4-844984f47e4d,Chicago,,Chicago vs Connecticut Winner?
KXWNBAGAME-25JUN15ATLWSH,58dd842c-81d4-4f8b-9019-9fb43e6b3e3c,2025-06-14,2025-06-14T12:05:00Z,2025-06-15T20:22:18.830142Z,finalized,Atlanta,5d70a9af-8c2b-4aec-9e68-9acc6ddb93e4,Washington,5c0d47fe-8539-47b0-9f36-d0b3609ca89b,Atlanta,,Atlanta vs Washington Winner?
KXWNBAGAME-25JUN15PHXLV,7162ed3d-7135-4801-b3a8-ba85cbcaa7ea,2025-06-14,2025-06-14T12:05:00Z,2025-06-16T00:16:36.638372Z,finalized,Phoenix,0699edf3-5993-4182-b9b4-ec935cbd4fcc,Las Vegas,171b097d-01db-4ae8-9d56-035689402ec6,Phoenix,,Phoenix vs Las Vegas Winner?
KXWNBAGAME-25JUN17SEALA,4f5eef0b-7151-49c4-bc34-46d08d1e5ca1,2025-06-16,2025-06-16T12:05:00Z,2025-06-18T04:08:47.796962Z,finalized,Seattle,d6a012ed-84aa-48d3-8265-2d3f3ff2199a,Los Angeles,0a5ad38d-2fe3-43ba-894b-1ba3d5042ea9,Seattle,,Seattle vs Los Angeles Winner?
KXWNBAGAME-25JUN17GSDAL,f992552a-94d9-40c8-aa4b-fa5c7bf321fd,2025-06-16,2025-06-16T12:05:00Z,2025-06-18T02:26:17.903213Z,finalized,Golden State,4f57ec40-0d35-4b59-bea0-9d040f0d2292,Dallas,5f0b5caf-708b-4300-92f2-53b51d83ec06,Dallas,,Golden State vs Dallas Winner?
KXWNBAGAME-25JUN17WSHCHI,d3a6ebac-4d09-45ba-bacb-b2c623fe8e00,2025-06-16,2025-06-16T12:05:00Z,2025-06-18T02:12:18.287972Z,finalized,Washington,5c0d47fe-8539-47b0-9f36-d0b3609ca89b,Chicago,3c409388-ab73-4c7f-953d-3a71062240f6,Washington,,Washington vs Chicago Winner?
KXWNBAGAME-25JUN17ATLNY,d4aa66df-d40e-4ca8-9232-7561e99aa20f,2025-06-16,2025-06-16T12:05:00Z,2025-06-18T01:12:40.351001Z,finalized,Atlanta,5d70a9af-8c2b-4aec-9e68-9acc6ddb93e4,New York,08ed8274-e29f-4248-bc2e-83cc8ed18d75,New York,,Atlanta vs New York Winner?
KXWNBAGAME-25JUN17CONNIND,acf4a696-dabb-4821-9d7a-7417121d43a8,2025-06-16,2025-06-16T12:05:00Z,2025-06-18T01:28:42.820879Z,finalized,Connecticut,a015b02d-845c-40c1-8ef4-844984f47e4d,Indiana,f073a15f-0486-4179-b0a3-dfd0294eb595,Indiana,,Connecticut vs Indiana Winner?
KXWNBAGAME-25JUN17LVMIN,326d833a-4a17-4fec-882e-c3699065a0ed,2025-06-16,2025-06-16T12:05:00Z,2025-06-18T02:06:28.346031Z,finalized,Las Vegas,171b097d-01db-4ae8-9d56-035689402ec6,Minnesota,6f017f37-be96-4bdc-b6d3-0a0429c72e89,Minnesota,,Las Vegas vs Minnesota Winner?
KXWNBAGAME-25JUN18PHXCONN,42f7582e-79b3-4a78-88ba-0245ebd00b6b,2025-06-17,2025-06-17T12:05:00Z,2025-06-19T01:11:04.045808Z,finalized,Phoenix,0699edf3-5993-4182-b9b4-ec935cbd4fcc,Connecticut,a015b02d-845c-40c1-8ef4-844984f47e4d,Phoenix,,Phoenix vs Connecticut Winner?
KXWNBAGAME-25JUN19PHXNY,c9537ded-ab0e-4847-9c8a-61866576706f,2025-06-18,2025-06-18T12:05:00Z,2025-06-20T01:14:53.886275Z,finalized,Phoenix,0699edf3-5993-4182-b9b4-ec935cbd4fcc,New York,08ed8274-e29f-4248-bc2e-83cc8ed18d75,Phoenix,,Phoenix vs New York Winner?
KXWNBAGAME-25JUN19INDGS,57909126-867a-49a0-bc68-8c65ff35b9dd,2025-06-18,2025-06-18T12:05:00Z,2025-06-20T04:30:48.638236Z,finalized,Indiana,f073a15f-0486-4179-b0a3-dfd0294eb595,Golden State,4f57ec40-0d35-4b59-bea0-9d040f0d2292,Golden State,,Indiana vs Golden State Winner?
KXWNBAGAME-25JUN20SEALV,2d265850-900a-4d26-b91d-9ea1c0a1b382,2025-06-19,2025-06-19T12:05:00Z,2025-06-21T04:03:06.433729Z,finalized,Seattle,d6a012ed-84aa-48d3-8265-2d3f3ff2199a,Las Vegas,171b097d-01db-4ae8-9d56-035689402ec6,Seattle,,Seattle vs Las Vegas Winner?
KXWNBAGAME-25JUN20DALCONN,5cc2b6cf-49a3-4f54-a14e-88d92bf3ac7a,2025-06-19,2025-06-19T12:05:00Z,2025-06-21T01:54:29.631339Z,finalized,Dallas,5f0b5caf-708b-4300-92f2-53b51d83ec06,Connecticut,a015b02d-845c-40c1-8ef4-844984f47e4d,Dallas,,Dallas vs Connecticut Winner?
KXWNBAGAME-25JUN20WSHATL,779671c7-564a-4c9b-8014-3f019f2e56ad,2025-06-19,2025-06-19T12:05:00Z,2025-06-21T01:52:28.075165Z,finalized,Washington,5c0d47fe-8539-47b0-9f36-d0b3609ca89b,Atlanta,5d70a9af-8c2b-4aec-9e68-9acc6ddb93e4,Atlanta,,Washington vs Atlanta Winner?
KXWNBAGAME-25JUN21PHXCHI,84446760-5dc5-43e6-a5d9-58080ed0ef75,2025-06-20,2025-06-20T12:05:00Z,2025-06-21T19:12:27.935819Z,finalized,Phoenix,0699edf3-5993-4182-b9b4-ec935cbd4fcc,Chicago,3c409388-ab73-4c7f-953d-3a71062240f6,Phoenix,,Phoenix vs Chicago Winner?
KXWNBAGAME-25JUN21LAMIN,1294e522-7385-45d7-852f-76da7cf5ab3d,2025-06-20,2025-06-20T12:05:00Z,2025-06-22T02:03:48.680652Z,finalized,Los Angeles,0a5ad38d-2fe3-43ba-894b-1ba3d5042ea9,Minnesota,6f017f37-be96-4bdc-b6d3-0a0429c72e89,Minnesota,,Los Angeles vs Minnesota Winner?
KXWNBAGAME-25JUN22INDLV,36996288-3356-4ce9-b751-b31f6890cd69,2025-06-21,2025-06-21T12:05:00Z,2025-06-22T21:24:12.095317Z,finalized,Indiana,f073a15f-0486-4179-b0a3-dfd0294eb595,Las Vegas,171b097d-01db-4ae8-9d56-035689402ec6,Las Vegas,,Indiana vs Las Vegas Winner?
KXWNBAGAME-25JUN22CHIATL,b22ddc9a-0884-436b-a5cb-261725723b33,2025-06-21,2025-06-21T12:05:00Z,2025-06-22T21:18:13.308165Z,finalized,Chicago,3c409388-ab73-4c7f-953d-3a71062240f6,Atlanta,5d70a9af-8c2b-4aec-9e68-9acc6ddb93e4,Atlanta,,Chicago vs Atlanta Winner?
KXWNBAGAME-25JUN22DALWSH,cda56706-140f-45d4-b565-9b1457767039,2025-06-21,2025-06-21T12:05:00Z,2025-06-22T21:58:42.16173Z,finalized,Dallas,5f0b5caf-708b-4300-92f2-53b51d83ec06,Washington,5c0d47fe-8539-47b0-9f36-d0b3609ca89b,Washington,,Dallas vs Washington Winner?
KXWNBAGAME-25JUN22NYSEA,5c4e4191-667a-4956-811e-2cccb0324876,2025-06-21,2025-06-21T12:05:00Z,2025-06-23T01:11:09.690077Z,finalized,New York,08ed8274-e29f-4248-bc2e-83cc8ed18d75,Seattle,d6a012ed-84aa-48d3-8265-2d3f3ff2199a,Seattle,,New York vs Seattle Winner?
KXWNBAGAME-25JUN22CONNGS,10082fe6-4d1c-4a6a-997d-061623f03559,2025-06-21,2025-06-21T12:05:00Z,2025-06-23T02:50:37.686615Z,finalized,Connecticut,a015b02d-845c-40c1-8ef4-844984f47e4d,Golden State,4f57ec40-0d35-4b59-bea0-9d040f0d2292,Golden State,,Connecticut vs Golden State Winner?
KXWNBAGAME-25JUN24INDSEA,009fc0bc-e36e-47b2-b5c5-e5cab9b252d1,2025-06-23,2025-06-23T12:05:00Z,2025-06-25T04:22:35.358806Z,finalized,Indiana,f073a15f-0486-4179-b0a3-dfd0294eb595,Seattle,d6a012ed-84aa-48d3-8265-2d3f3ff2199a,Indiana,,Indiana vs Seattle Winner?
KXWNBAGAME-25JUN24MINWSH,f07b7d2f-3955-4af2-ad39-73299457ce8f,2025-06-23,2025-06-23T12:05:00Z,2025-06-25T02:12:38.119159Z,finalized,Minnesota,6f017f37-be96-4bdc-b6d3-0a0429c72e89,Washington,5c0d47fe-8539-47b0-9f36-d0b3609ca89b,Washington,,Minnesota vs Washington Winner?
KXWNBAGAME-25JUN24ATLDAL,113aaa30-c901-4aa5-bbaa-16445f830e85,2025-06-23,2025-06-23T12:05:00Z,2025-06-25T02:12:37.352005Z,finalized,Atlanta,5d70a9af-8c2b-4aec-9e68-9acc6ddb93e4,Dallas,5f0b5caf-708b-4300-92f2-53b51d83ec06,Dallas,,Atlanta vs Dallas Winner?
KXWNBAGAME-25JUN24LACHI,4bfeb202-768f-487c-a416-9c9a314242a6,2025-06-23,2025-06-23T12:05:00Z,2025-06-25T02:22:18.094194Z,finalized,Los Angeles,0a5ad38d-2fe3-43ba-894b-1ba3d5042ea9,Chicago,3c409388-ab73-4c7f-953d-3a71062240f6,Chicago,,Los Angeles vs Chicago Winner?
KXWNBAGAME-25JUN25CONNLV,e6fdfe56-f4ef-4bab-8f24-19a99adb7f6f,2025-06-24,2025-06-24T12:05:00Z,2025-06-26T03:58:18.054895Z,finalized,Connecticut,a015b02d-845c-40c1-8ef4-844984f47e4d,Las Vegas,171b097d-01db-4ae8-9d56-035689402ec6,Las Vegas,,Connecticut vs Las Vegas Winner?
KXWNBAGAME-25JUN25NYGS,1c528f37-bdd0-449a-99b5-7a8d174e4243,2025-06-24,2025-06-24T12:05:00Z,2025-06-26T04:16:37.372942Z,finalized,New York,08ed8274-e29f-4248-bc2e-83cc8ed18d75,Golden State,4f57ec40-0d35-4b59-bea0-9d040f0d2292,New York,,New York vs Golden State Winner?
KXWNBAGAME-25JUN26LAIND,03c66dd6-d190-41d7-bb90-7709c8c6493b,2025-06-25,2025-06-25T12:05:00Z,2025-06-27T01:18:35.925886Z,finalized,Los Angeles,0a5ad38d-2fe3-43ba-894b-1ba3d5042ea9,Indiana,f073a15f-0486-4179-b0a3-dfd0294eb595,Los Angeles,,Los Angeles vs Indiana Winner?
KXWNBAGAME-25JUN26WSHLV,fd8a85e4-5aac-47f6-b278-e1f1fa69b82d,2025-06-25,2025-06-25T12:05:00Z,2025-06-27T04:12:28.32421Z,finalized,Washington,5c0d47fe-8539-47b0-9f36-d0b3609ca89b,Las Vegas,171b097d-01db-4ae8-9d56-035689402ec6,Washington,,Washington vs Las Vegas Winner?
KXWNBAGAME-25JUN27MINATL,4e456309-00d3-4582-8f89-1c9049054791,2025-06-26,2025-06-26T12:05:00Z,2025-06-28T02:28:12.714472Z,finalized,Minnesota,6f017f37-be96-4bdc-b6d3-0a0429c72e89,Atlanta,5d70a9af-8c2b-4aec-9e68-9acc6ddb93e4,Minnesota,,Minnesota vs Atlanta Winner?
KXWNBAGAME-25JUN27INDDAL,b27d4faa-d86d-439c-9ae5-0ed478abadb8,2025-06-26,2025-06-26T12:05:00Z,2025-06-28T01:56:26.757391Z,finalized,Indiana,f073a15f-0486-4179-b0a3-dfd0294eb595,Dallas,5f0b5caf-708b-4300-92f2-53b51d83ec06,Indiana,,Indiana vs Dallas Winner?
KXWNBAGAME-25JUN27NYPHX,02291b17-b5ee-4973-b184-51149f2c1817,2025-06-26,2025-06-26T12:05:00Z,2025-06-28T04:03:14.77129Z,finalized,New York,08ed8274-e29f-4248-bc2e-83cc8ed18d75,Phoenix,0699edf3-5993-4182-b9b4-ec935cbd4fcc,Phoenix,,New York vs Phoenix Winner?
KXWNBAGAME-25JUN27CHIGS,27345b01-bece-490a-b228-52c863c0e525,2025-06-26,2025-06-26T12:05:00Z,2025-06-28T04:26:11.386876Z,finalized,Chicago,3c409388-ab73-4c7f-953d-3a71062240f6,Golden State,4f57ec40-0d35-4b59-bea0-9d040f0d2292,Golden State,,Chicago vs Golden State Winner?
KXWNBAGAME-25JUN27CONNSEA,f2a059a9-b803-4538-b746-3868679fa790,2025-06-26,2025-06-26T12:05:00Z,2025-06-28T04:24:10.134691Z,finalized,Connecticut,a015b02d-845c-40c1-8ef4-844984f47e4d,Seattle,d6a012ed-84aa-48d3-8265-2d3f3ff2199a,Seattle,,Connecticut vs Seattle Winner?
KXWNBAGAME-25JUN28WSHDAL,f73fe2ca-493d-4a4e-bb34-3b5834d2ce24,2025-06-27,2025-06-27T12:05:00Z,2025-06-29T02:18:30.778219Z,finalized,Washington,5c0d47fe-8539-47b0-9f36-d0b3609ca89b,Dallas,5f0b5caf-708b-4300-92f2-53b51d83ec06,Dallas,,Washington vs Dallas Winner?
KXWNBAGAME-25JUN29CHILA,8a325ea5-03e5-4940-bb7a-2eb4c8b2b077,2025-06-28,2025-06-28T12:05:00Z,2025-06-29T22:20:41.237687Z,finalized,Chicago,3c409388-ab73-4c7f-953d-3a71062240f6,Los Angeles,0a5ad38d-2fe3-43ba-894b-1ba3d5042ea9,Chicago,,Chicago vs Los Angeles Winner?
KXWNBAGAME-25JUN29LVPHX,475cc53b-e563-4217-a5dc-930581369bab,2025-06-28,2025-06-28T12:05:00Z,2025-06-30T00:16:12.82401Z,finalized,Las Vegas,171b097d-01db-4ae8-9d56-035689402ec6,Phoenix,0699edf3-5993-4182-b9b4-ec935cbd4fcc,Las Vegas,,Las Vegas vs Phoenix Winner?
KXWNBAGAME-25JUN29CONNMIN,70027443-e0df-4b70-ae14-444a64d21e97,2025-06-28,2025-06-28T12:05:00Z,2025-06-30T01:08:27.582822Z,finalized,Connecticut,a015b02d-845c-40c1-8ef4-844984f47e4d,Minnesota,6f017f37-be96-4bdc-b6d3-0a0429c72e89,Minnesota,,Connecticut vs Minnesota Winner?
KXWNBAGAME-25JUN29SEAGS,63c1a202-5e2e-4437-896f-5759a7ed6c69,2025-06-28,2025-06-28T12:05:00Z,2025-06-30T02:36:47.666797Z,finalized,Seattle,d6a012ed-84aa-48d3-8265-2d3f3ff2199a,Golden State,4f57ec40-0d35-4b59-bea0-9d040f0d2292,Golden State,,Seattle vs Golden State Winner?
KXWNBAGAME-25JUN29NYATL,896a9eeb-64b3-4a6c-a723-7f1a9ac07e42,2025-06-28,2025-06-28T12:05:00Z,2025-06-29T21:06:13.604769Z,finalized,New York,08ed8274-e29f-4248-bc2e-83cc8ed18d75,Atlanta,5d70a9af-8c2b-4aec-9e68-9acc6ddb93e4,Atlanta,,New York vs Atlanta Winner?
KXWNBAGAME-25JUL01INDMIN,,2025-06-30,2025-06-30T12:05:00Z,2025-07-02T03:33:39.299426Z,finalized,Indiana,f073a15f-0486-4179-b0a3-dfd0294eb595,Minnesota,6f017f37-be96-4bdc-b6d3-0a0429c72e89,Indiana,,Indiana vs Minnesota Winner?
KXWNBAGAME-25JUL03WSHMIN,5f9bc5fb-ea1b-41df-a540-0be01471154c,2025-07-02,2025-07-02T12:05:00Z,2025-07-04T02:04:12.636249Z,finalized,Washington,5c0d47fe-8539-47b0-9f36-d0b3609ca89b,Minnesota,6f017f37-be96-4bdc-b6d3-0a0429c72e89,Minnesota,,Washington vs Minnesota Winner?
KXWNBAGAME-25JUL03PHXDAL,4ad39d3d-bb92-4273-aac9-14aced9b814c,2025-07-02,2025-07-02T12:05:00Z,2025-07-04T02:36:35.733009Z,finalized,Phoenix,0699edf3-5993-4182-b9b4-ec935cbd4fcc,Dallas,5f0b5caf-708b-4300-92f2-53b51d83ec06,Dallas,,Phoenix vs Dallas Winner?
KXWNBAGAME-25JUL03LANY,8eac9b16-89e2-4dd6-bf64-c8281c7879f7,2025-07-02,2025-07-02T12:05:00Z,2025-07-04T01:14:38.535907Z,finalized,Los Angeles,0a5ad38d-2fe3-43ba-894b-1ba3d5042ea9,New York,08ed8274-e29f-4248-bc2e-83cc8ed18d75,New York,,Los Angeles vs New York Winner?
KXWNBAGAME-25JUL03SEAATL,21815dfe-7533-4983-9fc4-01b7e5798634,2025-07-02,2025-07-02T12:05:00Z,2025-07-04T01:48:24.139048Z,finalized,Seattle,d6a012ed-84aa-48d3-8265-2d3f3ff2199a,Atlanta,5d70a9af-8c2b-4aec-9e68-9acc6ddb93e4,Seattle,,Seattle vs Atlanta Winner?
KXWNBAGAME-25JUL03LVIND,01384c8c-e038-4abe-b80a-901c44d112ce,2025-07-02,2025-07-02T12:05:00Z,2025-07-04T01:22:44.81169Z,finalized,Las Vegas,171b097d-01db-4ae8-9d56-035689402ec6,Indiana,f073a15f-0486-4179-b0a3-dfd0294eb595,Indiana,,Las Vegas vs Indiana Winner?
KXWNBAGAME-25JUL05LAIND,fb52f96d-5a6c-47ca-93ba-471dd9084a2d,2025-07-04,2025-07-04T12:05:00Z,2025-07-06T01:32:31.921483Z,finalized,Los Angeles,0a5ad38d-2fe3-43ba-894b-1ba3d5042ea9,Indiana,f073a15f-0486-4179-b0a3-dfd0294eb595,Los Angeles,,Los Angeles vs Indiana Winner?
KXWNBAGAME-25JUL05GSMIN,7d922f87-8ed8-4992-9dd4-4f167d608dd6,2025-07-04,2025-07-04T12:05:00Z,2025-07-06T02:06:44.107678Z,finalized,Golden State,4f57ec40-0d35-4b59-bea0-9d040f0d2292,Minnesota,6f017f37-be96-4bdc-b6d3-0a0429c72e89,Minnesota,,Golden State vs Minnesota Winner?
KXWNBAGAME-25JUL06SEANY,ecb7cba9-dfbe-46df-9326-2442921add0c,2025-07-06,2025-07-06T04:45:00Z,2025-07-06T19:10:43.398353Z,finalized,Seattle,d6a012ed-84aa-48d3-8265-2d3f3ff2199a,New York,08ed8274-e29f-4248-bc2e-83cc8ed18d75,Seattle,,Seattle vs New York Winner?
KXWNBAGAME-25JUL06LVCONN,e71aa609-4f24-4b4c-8d2f-952f1cc9a393,2025-07-06,2025-07-06T04:45:00Z,2025-07-06T22:04:26.548977Z,finalized,Las Vegas,171b097d-01db-4ae8-9d56-035689402ec6,Connecticut,a015b02d-845c-40c1-8ef4-844984f47e4d,Las Vegas,,Las Vegas vs Connecticut Winner?
KXWNBAGAME-25JUL06CHIMIN,c45b91f1-cf78-4834-bbf7-ec7221c75049,2025-07-06,2025-07-06T04:45:00Z,2025-07-07T01:10:47.310937Z,finalized,Chicago,3c409388-ab73-4c7f-953d-3a71062240f6,Minnesota,6f017f37-be96-4bdc-b6d3-0a0429c72e89,Minnesota,,Chicago vs Minnesota Winner?
KXWNBAGAME-25JUL07GSATL,a4d71aea-7129-4510-a0c0-686300cd53cf,2025-07-06,2025-07-06T12:00:00Z,2025-07-08T01:40:59.225334Z,finalized,Golden State,4f57ec40-0d35-4b59-bea0-9d040f0d2292,Atlanta,5d70a9af-8c2b-4aec-9e68-9acc6ddb93e4,Atlanta,,Golden State vs Atlanta Winner?
KXWNBAGAME-25JUL07DALPHX,cb7c1747-ad70-44d5-86ba-dde154b3bcbd,2025-07-06,2025-07-06T12:00:00Z,2025-07-08T04:03:55.672818Z,finalized,Dallas,5f0b5caf-708b-4300-92f2-53b51d83ec06,Phoenix,0699edf3-5993-4182-b9b4-ec935cbd4fcc,Phoenix,,Dallas vs Phoenix Winner?
KXWNBAGAME-25JUL08CHIWSH,66b295b9-ed48-41fe-8fd7-4cca0813f9f5,2025-07-07,2025-07-07T12:00:00Z,2025-07-08T18:08:40.827909Z,finalized,Chicago,3c409388-ab73-4c7f-953d-3a71062240f6,Washington,5c0d47fe-8539-47b0-9f36-d0b3609ca89b,Washington,,Chicago vs Washington Winner?
KXWNBAGAME-25JUL08LVNY,32604e6c-f852-4281-b6c9-a2d2c18fbc96,2025-07-07,2025-07-07T12:00:00Z,2025-07-09T02:22:39.041195Z,finalized,Las Vegas,171b097d-01db-4ae8-9d56-035689402ec6,New York,08ed8274-e29f-4248-bc2e-83cc8ed18d75,New York,,Las Vegas vs New York Winner?
KXWNBAGAME-25JUL09DALCHI,79e66bc9-a63b-4d35-a31b-81f82758ffd1,2025-07-08,2025-07-08T12:00:00Z,2025-07-10T02:28:18.139991Z,finalized,Dallas,5f0b5caf-708b-4300-92f2-53b51d83ec06,Chicago,3c409388-ab73-4c7f-953d-3a71062240f6,Chicago,,Dallas vs Chicago Winner?
KXWNBAGAME-25JUL09SEACONN,cba5ede2-0a93-430c-aa0b-4c48363996d9,2025-07-08,2025-07-08T12:00:00Z,2025-07-09T17:10:34.190024Z,finalized,Seattle,d6a012ed-84aa-48d3-8265-2d3f3ff2199a,Connecticut,a015b02d-845c-40c1-8ef4-844984f47e4d,Connecticut,,Seattle vs Connecticut Winner?
KXWNBAGAME-25JUL09GSIND,473b6ccd-bea1-4377-b656-99e755056013,2025-07-08,2025-07-08T12:00:00Z,2025-07-09T18:06:58.409289Z,finalized,Golden State,4f57ec40-0d35-4b59-bea0-9d040f0d2292,Indiana,f073a15f-0486-4179-b0a3-dfd0294eb595,Golden State,,Golden State vs Indiana Winner?
KXWNBAGAME-25JUL09MINPHX,516df53d-92a5-477a-bf9c-ae883264d691,2025-07-08,2025-07-08T12:00:00Z,2025-07-09T21:38:19.17993Z,finalized,Minnesota,6f017f37-be96-4bdc-b6d3-0a0429c72e89,Phoenix,0699edf3-5993-4182-b9b4-ec935cbd4fcc,Phoenix,,Minnesota vs Phoenix Winner?
KXWNBAGAME-25JUL10MINLA,e3e04e5c-30b5-4cd3-bef5-9e4a16bf0e89,2025-07-09,2025-07-09T12:00:00Z,2025-07-10T21:06:13.391581Z,finalized,Minnesota,6f017f37-be96-4bdc-b6d3-0a0429c72e89,Los Angeles,0a5ad38d-2fe3-43ba-894b-1ba3d5042ea9,Minnesota,,Minnesota vs Los Angeles Winner?
KXWNBAGAME-25JUL10LVWSH,3128ac62-3240-4020-a3d9-456d92e4e181,2025-07-09,2025-07-09T12:00:00Z,2025-07-11T01:56:33.020877Z,finalized,Las Vegas,171b097d-01db-4ae8-9d56-035689402ec6,Washington,5c0d47fe-8539-47b0-9f36-d0b3609ca89b,Washington,,Las Vegas vs Washington Winner?
KXWNBAGAME-25JUL11ATLIND,9490bb7a-0d69-46d9-b48b-8e419003820a,2025-07-10,2025-07-10T12:00:00Z,2025-07-12T01:52:41.847379Z,finalized,Atlanta,5d70a9af-8c2b-4aec-9e68-9acc6ddb93e4,Indiana,f073a15f-0486-4179-b0a3-dfd0294eb595,Indiana,,Atlanta vs Indiana Winner?
KXWNBAGAME-25JUL11CONNSEA,cde22b85-921d-4781-95cf-173139bae8b9,2025-07-10,2025-07-10T12:00:00Z,2025-07-12T04:16:30.32901Z,finalized,Connecticut,a015b02d-845c-40c1-8ef4-844984f47e4d,Seattle,d6a012ed-84aa-48d3-8265-2d3f3ff2199a,Seattle,,Connecticut vs Seattle Winner?
KXWNBAGAME-25JUL12MINCHI,6ff8bfe8-1070-4692-958b-926fedbc2607,2025-07-11,2025-07-11T12:00:00Z,2025-07-12T19:20:32.77136Z,finalized,Minnesota,6f017f37-be96-4bdc-b6d3-0a0429c72e89,Chicago,3c409388-ab73-4c7f-953d-3a71062240f6,Chicago,,Minnesota vs Chicago Winner?
KXWNBAGAME-25JUL12GSLV,b25f3091-aef6-4e55-9fb0-d5745a720e42,2025-07-11,2025-07-11T12:00:00Z,2025-07-12T22:42:24.535532Z,finalized,Golden State,4f57ec40-0d35-4b59-bea0-9d040f0d2292,Las Vegas,171b097d-01db-4ae8-9d56-035689402ec6,Las Vegas,,Golden State vs Las Vegas Winner?
KXWNBAGAME-25JUL13DALIND,d11600c6-b496-4625-ac2a-acd44a4fe7c4,2025-07-12,2025-07-12T12:00:00Z,2025-07-13T19:06:43.119577Z,finalized,Dallas,5f0b5caf-708b-4300-92f2-53b51d83ec06,Indiana,f073a15f-0486-4179-b0a3-dfd0294eb595,Indiana,,Dallas vs Indiana Winner?
KXWNBAGAME-25JUL13ATLNY,1afa397b-1c35-4439-9ccf-dfb9fe66edfd,2025-07-12,2025-07-12T12:00:00Z,2025-07-13T21:20:59.609831Z,finalized,Atlanta,5d70a9af-8c2b-4aec-9e68-9acc6ddb93e4,New York,08ed8274-e29f-4248-bc2e-83cc8ed18d75,New York,,Atlanta vs New York Winner?
KXWNBAGAME-25JUL13CONNLA,1dc8a33e-b81b-4a0d-91bf-0109943d729e,2025-07-12,2025-07-12T12:00:00Z,2025-07-14T00:14:18.134015Z,finalized,Connecticut,a015b02d-845c-40c1-8ef4-844984f47e4d,Los Angeles,0a5ad38d-2fe3-43ba-894b-1ba3d5042ea9,Los Angeles,,Connecticut vs Los Angeles Winner?
KXWNBAGAME-25JUL13WSHSEA,9bb7fd31-2faf-4602-bf65-4532dd75baba,2025-07-12,2025-07-12T12:00:00Z,2025-07-14T00:14:18.874368Z,finalized,Washington,5c0d47fe-8539-47b0-9f36-d0b3609ca89b,Seattle,d6a012ed-84aa-48d3-8265-2d3f3ff2199a,Washington,,Washington vs Seattle Winner?
KXWNBAGAME-25JUL14PHXGS,8a311d5b-f22a-4cac-8291-39d32d009302,2025-07-13,2025-07-13T12:00:00Z,2025-07-15T04:24:46.524133Z,finalized,Phoenix,0699edf3-5993-4182-b9b4-ec935cbd4fcc,Golden State,4f57ec40-0d35-4b59-bea0-9d040f0d2292,Phoenix,,Phoenix vs Golden State Winner?
KXWNBAGAME-25JUL14MINCHI,541ceca0-1e17-4022-9583-6389fd9a0b97,2025-07-13,2025-07-13T12:00:00Z,2025-07-15T02:03:15.302938Z,finalized,Minnesota,6f017f37-be96-4bdc-b6d3-0a0429c72e89,Chicago,3c409388-ab73-4c7f-953d-3a71062240f6,Minnesota,,Minnesota vs Chicago Winner?
KXWNBAGAME-25JUL15INDCONN,333e71e9-d362-4003-836b-7d936322e7d2,2025-07-14,2025-07-14T12:00:00Z,2025-07-16T02:18:13.078716Z,finalized,Indiana,f073a15f-0486-4179-b0a3-dfd0294eb595,Connecticut,a015b02d-845c-40c1-8ef4-844984f47e4d,Indiana,,Indiana vs Connecticut Winner?
KXWNBAGAME-25JUL15WSHLA,e380b602-7a50-4ce9-99e7-63c43f11724e,2025-07-14,2025-07-14T12:00:00Z,2025-07-16T04:06:38.367152Z,finalized,Washington,5c0d47fe-8539-47b0-9f36-d0b3609ca89b,Los Angeles,0a5ad38d-2fe3-43ba-894b-1ba3d5042ea9,Los Angeles,,Washington vs Los Angeles Winner?
KXWNBAGAME-25JUL16LVDAL,644ab6e9-5db5-4614-a48f-09f6721a63de,2025-07-15,2025-07-15T12:00:00Z,2025-07-17T02:10:53.753329Z,finalized,Las Vegas,171b097d-01db-4ae8-9d56-035689402ec6,Dallas,5f0b5caf-708b-4300-92f2-53b51d83ec06,Las Vegas,,Las Vegas vs Dallas Winner?
KXWNBAGAME-25JUL16ATLCHI,c0fc57e5-f80e-4668-a218-89e26635bcda,2025-07-15,2025-07-15T12:00:00Z,2025-07-16T17:58:46.533832Z,finalized,Atlanta,5d70a9af-8c2b-4aec-9e68-9acc6ddb93e4,Chicago,3c409388-ab73-4c7f-953d-3a71062240f6,Atlanta,,Atlanta vs Chicago Winner?
KXWNBAGAME-25JUL16PHXMIN,83fc47a0-fbb1-4f04-8af2-94e9a1fd566e,2025-07-15,2025-07-15T12:00:00Z,2025-07-16T19:05:58.166294Z,finalized,Phoenix,0699edf3-5993-4182-b9b4-ec935cbd4fcc,Minnesota,6f017f37-be96-4bdc-b6d3-0a0429c72e89,Minnesota,,Phoenix vs Minnesota Winner?
KXWNBAGAME-25JUL16GSSEA,5e64c14b-9cf3-45d2-bd9d-f0af702d801f,2025-07-15,2025-07-15T12:00:00Z,2025-07-16T21:24:10.589441Z,finalized,Golden State,4f57ec40-0d35-4b59-bea0-9d040f0d2292,Seattle,d6a012ed-84aa-48d3-8265-2d3f3ff2199a,Seattle,,Golden State vs Seattle Winner?
KXWNBAGAME-25JUL16INDNY,1f15d85b-41ea-4e16-b597-b0e14ee9ba73,2025-07-15,2025-07-15T12:00:00Z,2025-07-17T01:30:27.306846Z,finalized,Indiana,f073a15f-0486-4179-b0a3-dfd0294eb595,New York,08ed8274-e29f-4248-bc2e-83cc8ed18d75,New York,,Indiana vs New York Winner?
KXWNBAGAME-25JUL19COLCLA,,2025-07-18,2025-07-18T12:00:00Z,2025-07-20T02:46:18.523208Z,finalized,Team Collier,,Team Clark,,Team Collier,,Team Collier vs Team Clark Winner?
KXWNBAGAME-25JUL22INDNY,32cb5f24-0d87-4645-a3fd-dd1e0fd1a4f6,2025-07-21,2025-07-21T12:00:00Z,2025-07-23T02:18:13.587507Z,finalized,Indiana,f073a15f-0486-4179-b0a3-dfd0294eb595,New York,08ed8274-e29f-4248-bc2e-83cc8ed18d75,New York,,Indiana vs New York Winner?
KXWNBAGAME-25JUL22CHIMIN,5ec92dac-bcc5-4c96-a776-daf36ffd931c,2025-07-21,2025-07-21T12:00:00Z,2025-07-23T02:08:31.402962Z,finalized,Chicago,3c409388-ab73-4c7f-953d-3a71062240f6,Minnesota,6f017f37-be96-4bdc-b6d3-0a0429c72e89,Minnesota,,Chicago vs Minnesota Winner?
KXWNBAGAME-25JUL22DALSEA,47165c40-8cd4-435b-8cc3-4ec5254c2ccd,2025-07-21,2025-07-21T12:00:00Z,2025-07-23T04:06:37.880734Z,finalized,Dallas,5f0b5caf-708b-4300-92f2-53b51d83ec06,Seattle,d6a012ed-84aa-48d3-8265-2d3f3ff2199a,Dallas,,Dallas vs Seattle Winner?
KXWNBAGAME-25JUL22ATLLV,79e78af3-8156-4f23-b736-0b0638476136,2025-07-21,2025-07-21T12:00:00Z,2025-07-23T04:18:13.067951Z,finalized,Atlanta,5d70a9af-8c2b-4aec-9e68-9acc6ddb93e4,Las Vegas,171b097d-01db-4ae8-9d56-035689402ec6,Las Vegas,,Atlanta vs Las Vegas Winner?
KXWNBAGAME-25JUL22LAWSH,ee0589dc-66ed-4b0f-88f5-466040567e54,2025-07-21,2025-07-21T12:00:00Z,2025-07-23T01:44:14.372708Z,finalized,Los Angeles,0a5ad38d-2fe3-43ba-894b-1ba3d5042ea9,Washington,5c0d47fe-8539-47b0-9f36-d0b3609ca89b,Los Angeles,,Los Angeles vs Washington Winner?
KXWNBAGAME-25JUL23ATLPHX,17812353-7592-47dc-9fe1-36f6bb0d8b9d,2025-07-22,2025-07-22T12:00:00Z,2025-07-24T04:14:11.486192Z,finalized,Atlanta,5d70a9af-8c2b-4aec-9e68-9acc6ddb93e4,Phoenix,0699edf3-5993-4182-b9b4-ec935cbd4fcc,Atlanta,,Atlanta vs Phoenix Winner?
KXWNBAGAME-25JUL24LVIND,4d8cf7bd-df70-42d4-a4fd-14a6fcb736a9,2025-07-23,2025-07-23T12:00:00Z,2025-07-25T01:20:58.398141Z,finalized,Las Vegas,171b097d-01db-4ae8-9d56-035689402ec6,Indiana,f073a15f-0486-4179-b0a3-dfd0294eb595,Indiana,,Las Vegas vs Indiana Winner?
KXWNBAGAME-25JUL24LACONN,df3cec08-c316-47e9-9bf2-3deedec89e18,2025-07-23,2025-07-23T12:00:00Z,2025-07-25T01:08:38.471639Z,finalized,Los Angeles,0a5ad38d-2fe3-43ba-894b-1ba3d5042ea9,Connecticut,a015b02d-845c-40c1-8ef4-844984f47e4d,Los Angeles,,Los Angeles vs Connecticut Winner?
KXWNBAGAME-25JUL24SEACHI,d8bda49f-0b5d-428a-9697-070219652f4a,2025-07-23,2025-07-23T12:00:00Z,2025-07-25T02:34:12.688321Z,finalized,Seattle,d6a012ed-84aa-48d3-8265-2d3f3ff2199a,Chicago,3c409388-ab73-4c7f-953d-3a71062240f6,Seattle,,Seattle vs Chicago Winner?
KXWNBAGAME-25JUL25LVMIN,0141c94b-0923-4c3f-8e2f-50513198e128,2025-07-24,2025-07-24T12:00:00Z,2025-07-26T01:40:52.210745Z,finalized,Las Vegas,171b097d-01db-4ae8-9d56-035689402ec6,Minnesota,6f017f37-be96-4bdc-b6d3-0a0429c72e89,Minnesota,,Las Vegas vs Minnesota Winner?
KXWNBAGAME-25JUL25PHXNY,886f70ad-6601-4949-8361-19950f284336,2025-07-24,2025-07-24T12:00:00Z,2025-07-26T01:46:36.845664Z,finalized,Phoenix,0699edf3-5993-4182-b9b4-ec935cbd4fcc,New York,08ed8274-e29f-4248-bc2e-83cc8ed18d75,New York,,Phoenix vs New York Winner?
KXWNBAGAME-25JUL25DALGS,d417a7b2-8eca-4edd-9e75-7875ed550fdd,2025-07-24,2025-07-24T12:00:00Z,2025-07-26T04:16:35.870849Z,finalized,Dallas,5f0b5caf-708b-4300-92f2-53b51d83ec06,Golden State,4f57ec40-0d35-4b59-bea0-9d040f0d2292,Golden State,,Dallas vs Golden State Winner?
KXWNBAGAME-25JUL26LANY,b1e3f299-f65d-4dad-be45-f936a6d7278f,2025-07-25,2025-07-25T12:00:00Z,2025-07-27T01:06:37.534162Z,finalized,Los Angeles,0a5ad38d-2fe3-43ba-894b-1ba3d5042ea9,New York,08ed8274-e29f-4248-bc2e-83cc8ed18d75,Los Angeles,,Los Angeles vs New York Winner?
KXWNBAGAME-25JUL26SEAWSH,a4cfb5be-1674-4ee4-af01-a984647aadea,2025-07-25,2025-07-25T12:00:00Z,2025-07-27T01:38:21.054443Z,finalized,Seattle,d6a012ed-84aa-48d3-8265-2d3f3ff2199a,Washington,5c0d47fe-8539-47b0-9f36-d0b3609ca89b,Washington,,Seattle vs Washington Winner?
KXWNBAGAME-25JUL27GSCONN,c1285855-b4ab-4687-98f6-5191a40ff762,2025-07-26,2025-07-26T12:00:00Z,2025-07-27T19:20:45.556918Z,finalized,Golden State,4f57ec40-0d35-4b59-bea0-9d040f0d2292,Connecticut,a015b02d-845c-40c1-8ef4-844984f47e4d,Connecticut,,Golden State vs Connecticut Winner?
KXWNBAGAME-25JUL27INDCHI,c8479b40-acd5-45d5-8423-804199b3cc72,2025-07-26,2025-07-26T12:00:00Z,2025-07-27T21:16:34.104916Z,finalized,Indiana,f073a15f-0486-4179-b0a3-dfd0294eb595,Chicago,3c409388-ab73-4c7f-953d-3a71062240f6,Indiana,,Indiana vs Chicago Winner?
KXWNBAGAME-25JUL27LVDAL,585740b6-3c8b-4746-8808-e7635a88c710,2025-07-26,2025-07-26T12:00:00Z,2025-07-27T22:22:46.41825Z,finalized,Las Vegas,171b097d-01db-4ae8-9d56-035689402ec6,Dallas,5f0b5caf-708b-4300-92f2-53b51d83ec06,Las Vegas,,Las Vegas vs Dallas Winner?
KXWNBAGAME-25JUL27ATLMIN,548df81e-2319-4153-a4df-bf65932d74be,2025-07-26,2025-07-26T12:00:00Z,2025-07-28T01:20:47.262599Z,finalized,Atlanta,5d70a9af-8c2b-4aec-9e68-9acc6ddb93e4,Minnesota,6f017f37-be96-4bdc-b6d3-0a0429c72e89,Atlanta,,Atlanta vs Minnesota Winner?
KXWNBAGAME-25JUL27PHXWSH,d5b4c575-bc11-412e-893d-9c6ed1889586,2025-07-26,2025-07-26T12:00:00Z,2025-07-28T00:06:40.509377Z,finalized,Phoenix,0699edf3-5993-4182-b9b4-ec935cbd4fcc,Washington,5c0d47fe-8539-47b0-9f36-d0b3609ca89b,Phoenix,,Phoenix vs Washington Winner?
KXWNBAGAME-25JUL28NYDAL,17a0db49-b39b-430e-91c7-d573aca6eb9e,2025-07-27,2025-07-27T12:00:00Z,2025-07-29T02:18:36.639198Z,finalized,New York,08ed8274-e29f-4248-bc2e-83cc8ed18d75,Dallas,5f0b5caf-708b-4300-92f2-53b51d83ec06,Dallas,,New York vs Dallas Winner?
KXWNBAGAME-25JUL28SEACONN,6adda940-e25a-4b97-9334-bfcbbb00d303,2025-07-27,2025-07-27T12:00:00Z,2025-07-29T01:08:14.069451Z,finalized,Seattle,d6a012ed-84aa-48d3-8265-2d3f3ff2199a,Connecticut,a015b02d-845c-40c1-8ef4-844984f47e4d,Seattle,,Seattle vs Connecticut Winner?
KXWNBAGAME-25JUL29CHIWSH,0976f7b8-1f32-4781-a1a1-c00605e4456c,2025-07-28,2025-07-28T12:00:00Z,2025-07-30T02:16:13.344615Z,finalized,Chicago,3c409388-ab73-4c7f-953d-3a71062240f6,Washington,5c0d47fe-8539-47b0-9f36-d0b3609ca89b,Washington,,Chicago vs Washington Winner?
KXWNBAGAME-25JUL29GSATL,7a6fecee-f650-46ac-af8f-8dfc5ff13ae2,2025-07-28,2025-07-28T12:00:00Z,2025-07-30T02:04:35.393889Z,finalized,Golden State,4f57ec40-0d35-4b59-bea0-9d040f0d2292,Atlanta,5d70a9af-8c2b-4aec-9e68-9acc6ddb93e4,Golden State,,Golden State vs Atlanta Winner?
KXWNBAGAME-25JUL29LVLA,d1c14296-f76a-40ad-aa4d-31daaa637556,2025-07-28,2025-07-28T12:00:00Z,2025-07-30T04:06:19.110976Z,finalized,Las Vegas,171b097d-01db-4ae8-9d56-035689402ec6,Los Angeles,0a5ad38d-2fe3-43ba-894b-1ba3d5042ea9,Las Vegas,,Las Vegas vs Los Angeles Winner?
KXWNBAGAME-25JUL30PHXIND,185c1d82-80ca-427a-bb34-b717e2127e2e,2025-07-29,2025-07-29T12:00:00Z,2025-07-31T01:26:42.528964Z,finalized,Phoenix,0699edf3-5993-4182-b9b4-ec935cbd4fcc,Indiana,f073a15f-0486-4179-b0a3-dfd0294eb595,Indiana,,Phoenix vs Indiana Winner?
KXWNBAGAME-25JUL30NYMIN,c2f7980e-2390-45e9-8977-c6e6d2c1f545,2025-07-29,2025-07-29T12:00:00Z,2025-07-31T02:14:52.168359Z,finalized,New York,08ed8274-e29f-4248-bc2e-83cc8ed18d75,Minnesota,6f017f37-be96-4bdc-b6d3-0a0429c72e89,Minnesota,,New York vs Minnesota Winner?
KXWNBAGAME-25JUL30ATLDAL,e8241b1f-576e-4bcf-b7d0-79606aa78b00,2025-07-29,2025-07-29T12:00:00Z,2025-07-31T02:18:35.360275Z,finalized,Atlanta,5d70a9af-8c2b-4aec-9e68-9acc6ddb93e4,Dallas,5f0b5caf-708b-4300-92f2-53b51d83ec06,Atlanta,,Atlanta vs Dallas Winner?
KXWNBAGAME-25JUL31GSWSH,50578d4e-21ed-488c-ac01-1008b9b70e0d,2025-07-30,2025-07-30T12:00:00Z,2025-08-01T01:54:31.591761Z,finalized,Golden State,4f57ec40-0d35-4b59-bea0-9d040f0d2292,Washington,5c0d47fe-8539-47b0-9f36-d0b3609ca89b,Golden State,,Golden State vs Washington Winner?
KXWNBAGAME-25AUG01PHXATL,64fb0c10-3ce1-4592-a3f9-65395a9e58af,2025-07-31,2025-07-31T12:00:00Z,2025-08-02T01:36:29.078658Z,finalized,Phoenix,0699edf3-5993-4182-b9b4-ec935cbd4fcc,Atlanta,5d70a9af-8c2b-4aec-9e68-9acc6ddb93e4,Atlanta,,Phoenix vs Atlanta Winner?
KXWNBAGAME-25AUG01NYCONN,a107ee4b-b669-407b-a34b-fbabfce430fd,2025-07-31,2025-07-31T12:00:00Z,2025-08-02T01:41:10.014897Z,finalized,New York,08ed8274-e29f-4248-bc2e-83cc8ed18d75,Connecticut,a015b02d-845c-40c1-8ef4-844984f47e4d,Connecticut,,New York vs Connecticut Winner?
KXWNBAGAME-25AUG01INDDAL,a1ca524f-e7ce-449f-ab32-66adea0ba523,2025-07-31,2025-07-31T12:00:00Z,2025-08-02T01:42:47.819024Z,finalized,Indiana,f073a15f-0486-4179-b0a3-dfd0294eb595,Dallas,5f0b5caf-708b-4300-92f2-53b51d83ec06,Indiana,,Indiana vs Dallas Winner?
KXWNBAGAME-25AUG01GSCHI,dac6daa2-9c9a-4f59-9904-7a2947143e7a,2025-07-31,2025-07-31T12:00:00Z,2025-08-02T01:36:30.0386Z,finalized,Golden State,4f57ec40-0d35-4b59-bea0-9d040f0d2292,Chicago,3c409388-ab73-4c7f-953d-3a71062240f6,Golden State,,Golden State vs Chicago Winner?
KXWNBAGAME-25AUG01LASEA,f5e70e9e-0abc-49a4-b407-193d76a99fd6,2025-07-31,2025-07-31T12:00:00Z,2025-08-02T04:50:59.079122Z,finalized,Los Angeles,0a5ad38d-2fe3-43ba-894b-1ba3d5042ea9,Seattle,d6a012ed-84aa-48d3-8265-2d3f3ff2199a,Los Angeles,,Los Angeles vs Seattle Winner?
KXWNBAGAME-25AUG02MINLV,1a3627a5-02d8-49f1-8015-8b258b6af8d6,2025-08-01,2025-08-01T12:00:00Z,2025-08-03T16:09:33.11458Z,finalized,Minnesota,6f017f37-be96-4bdc-b6d3-0a0429c72e89,Las Vegas,171b097d-01db-4ae8-9d56-035689402ec6,Minnesota,,Minnesota vs Las Vegas Winner?
KXWNBAGAME-25AUG03GSLV,de06dc94-ceb2-41b8-bde0-f9f91c917d00,2025-08-02,2025-08-02T12:00:00Z,2025-08-04T00:06:42.153157Z,finalized,Golden State,4f57ec40-0d35-4b59-bea0-9d040f0d2292,Las Vegas,171b097d-01db-4ae8-9d56-035689402ec6,Las Vegas,,Golden State vs Las Vegas Winner?
KXWNBAGAME-25AUG03PHXCHI,1dffe97b-d132-4697-af9f-8b08902da90d,2025-08-02,2025-08-02T12:00:00Z,2025-08-03T23:58:33.576614Z,finalized,Phoenix,0699edf3-5993-4182-b9b4-ec935cbd4fcc,Chicago,3c409388-ab73-4c7f-953d-3a71062240f6,Phoenix,,Phoenix vs Chicago Winner?
KXWNBAGAME-25AUG03WSHATL,0b629654-f5ce-4ac6-af48-0c1db944c24c,2025-08-02,2025-08-02T12:00:00Z,2025-08-03T21:16:48.587041Z,finalized,Washington,5c0d47fe-8539-47b0-9f36-d0b3609ca89b,Atlanta,5d70a9af-8c2b-4aec-9e68-9acc6ddb93e4,Atlanta,,Washington vs Atlanta Winner?
KXWNBAGAME-25AUG03NYCONN,fd9a1650-48c4-4a52-a5dc-0324466c3ed0,2025-08-02,2025-08-02T12:00:00Z,2025-08-03T19:12:57.333952Z,finalized,New York,08ed8274-e29f-4248-bc2e-83cc8ed18d75,Connecticut,a015b02d-845c-40c1-8ef4-844984f47e4d,New York,,New York vs Connecticut Winner?
KXWNBAGAME-25AUG03INDSEA,58be413a-aed7-412e-a0ea-b7b5525ffedc,2025-08-02,2025-08-02T12:00:00Z,2025-08-03T21:16:47.295357Z,finalized,Indiana,f073a15f-0486-4179-b0a3-dfd0294eb595,Seattle,d6a012ed-84aa-48d3-8265-2d3f3ff2199a,Indiana,,Indiana vs Seattle Winner?
KXWNBAGAME-25AUG05DALNY,a386fb2c-3ff8-4de2-96a3-38a77b363f3b,2025-08-04,2025-08-04T12:00:00Z,2025-08-06T01:05:56.123873Z,finalized,Dallas,5f0b5caf-708b-4300-92f2-53b51d83ec06,New York,08ed8274-e29f-4248-bc2e-83cc8ed18d75,New York,,Dallas vs New York Winner?
KXWNBAGAME-25AUG05WSHCHI,cd325282-98cc-46dd-a9f0-e2d5d887b51f,2025-08-04,2025-08-04T12:00:00Z,2025-08-06T01:58:31.945001Z,finalized,Washington,5c0d47fe-8539-47b0-9f36-d0b3609ca89b,Chicago,3c409388-ab73-4c7f-953d-3a71062240f6,Chicago,,Washington vs Chicago Winner?
KXWNBAGAME-25AUG05MINSEA,6a9e0ff7-c5b4-4a72-b217-41dc4a8caa4f,2025-08-04,2025-08-04T12:00:00Z,2025-08-06T04:15:32.872184Z,finalized,Minnesota,6f017f37-be96-4bdc-b6d3-0a0429c72e89,Seattle,d6a012ed-84aa-48d3-8265-2d3f3ff2199a,Minnesota,,Minnesota vs Seattle Winner?
KXWNBAGAME-25AUG05INDLA,9bafda37-d4b4-455f-853c-14e788647931,2025-08-04,2025-08-04T12:00:00Z,2025-08-06T04:16:52.418859Z,finalized,Indiana,f073a15f-0486-4179-b0a3-dfd0294eb595,Los Angeles,0a5ad38d-2fe3-43ba-894b-1ba3d5042ea9,Los Angeles,,Indiana vs Los Angeles Winner?
KXWNBAGAME-25AUG05CONNPHX,d300ee86-e2e0-4bf4-9247-1d7a3a859e07,2025-08-04,2025-08-04T12:00:00Z,2025-08-06T04:15:33.799318Z,finalized,Connecticut,a015b02d-845c-40c1-8ef4-844984f47e4d,Phoenix,0699edf3-5993-4182-b9b4-ec935cbd4fcc,Phoenix,,Connecticut vs Phoenix Winner?
KXWNBAGAME-25AUG06LVGS,b95c82f4-3822-42a7-a0f7-2e42c3960736,2025-08-05,2025-08-05T12:00:00Z,2025-08-07T04:29:15.482183Z,finalized,Las Vegas,171b097d-01db-4ae8-9d56-035689402ec6,Golden State,4f57ec40-0d35-4b59-bea0-9d040f0d2292,Las Vegas,,Las Vegas vs Golden State Winner?
KXWNBAGAME-25AUG07INDPHX,0934f4d6-98dc-4543-b6bd-c04adfa95bf2,2025-08-06,2025-08-06T12:00:00Z,2025-08-08T04:16:59.744653Z,finalized,Indiana,f073a15f-0486-4179-b0a3-dfd0294eb595,Phoenix,0699edf3-5993-4182-b9b4-ec935cbd4fcc,Phoenix,,Indiana vs Phoenix Winner?
KXWNBAGAME-25AUG07CONNLA,042c5181-7425-497a-8593-922c0cccfc16,2025-08-06,2025-08-06T12:00:00Z,2025-08-08T04:16:58.433213Z,finalized,Connecticut,a015b02d-845c-40c1-8ef4-844984f47e4d,Los Angeles,0a5ad38d-2fe3-43ba-894b-1ba3d5042ea9,Los Angeles,,Connecticut vs Los Angeles Winner?
KXWNBAGAME-25AUG07ATLCHI,186e6409-ec2d-4ab0-ae28-17589c92364e,2025-08-06,2025-08-06T12:00:00Z,2025-08-08T02:08:46.719676Z,finalized,Atlanta,5d70a9af-8c2b-4aec-9e68-9acc6ddb93e4,Chicago,3c409388-ab73-4c7f-953d-3a71062240f6,Atlanta,,Atlanta vs Chicago Winner?
KXWNBAGAME-25AUG08NYDAL,076e0d71-c610-4e6f-9814-6099bc1f606b,2025-08-07,2025-08-07T12:00:00Z,2025-08-09T01:46:42.293679Z,finalized,New York,08ed8274-e29f-4248-bc2e-83cc8ed18d75,Dallas,5f0b5caf-708b-4300-92f2-53b51d83ec06,New York,,New York vs Dallas Winner?
KXWNBAGAME-25AUG08WSHMIN,29b79cdd-02fe-4814-a965-ee95a23a8475,2025-08-07,2025-08-07T12:00:00Z,2025-08-09T01:54:38.655539Z,finalized,Washington,5c0d47fe-8539-47b0-9f36-d0b3609ca89b,Minnesota,6f017f37-be96-4bdc-b6d3-0a0429c72e89,Minnesota,,Washington vs Minnesota Winner?
KXWNBAGAME-25AUG08SEALV,25596e43-21b0-4411-b093-a5ca0b6480d6,2025-08-07,2025-08-07T12:00:00Z,2025-08-09T04:10:48.015621Z,finalized,Seattle,d6a012ed-84aa-48d3-8265-2d3f3ff2199a,Las Vegas,171b097d-01db-4ae8-9d56-035689402ec6,Las Vegas,,Seattle vs Las Vegas Winner?
KXWNBAGAME-25AUG09CHIIND,8cc5b0f6-cada-4bcf-8b02-0d0d88de48ed,2025-08-08,2025-08-08T12:00:00Z,2025-08-10T02:06:48.950689Z,finalized,Chicago,3c409388-ab73-4c7f-953d-3a71062240f6,Indiana,f073a15f-0486-4179-b0a3-dfd0294eb595,Indiana,,Chicago vs Indiana Winner?
KXWNBAGAME-25AUG09LAGS,3a283716-466b-440c-a344-5994da2e16aa,2025-08-08,2025-08-08T12:00:00Z,2025-08-10T02:41:19.888975Z,finalized,Los Angeles,0a5ad38d-2fe3-43ba-894b-1ba3d5042ea9,Golden State,4f57ec40-0d35-4b59-bea0-9d040f0d2292,Golden State,,Los Angeles vs Golden State Winner?
KXWNBAGAME-25AUG10CONNLV,5ad8ad8a-0d14-4a98-986e-ce28cf221779,2025-08-09,2025-08-09T12:00:00Z,2025-08-11T03:11:06.423373Z,finalized,Connecticut,a015b02d-845c-40c1-8ef4-844984f47e4d,Las Vegas,171b097d-01db-4ae8-9d56-035689402ec6,Las Vegas,,Connecticut vs Las Vegas Winner?
KXWNBAGAME-25AUG10SEALA,935164e5-cfe3-4dba-ab15-eccdd145ace9,2025-08-09,2025-08-09T12:00:00Z,2025-08-11T02:11:16.588197Z,finalized,Seattle,d6a012ed-84aa-48d3-8265-2d3f3ff2199a,Los Angeles,0a5ad38d-2fe3-43ba-894b-1ba3d5042ea9,Los Angeles,,Seattle vs Los Angeles Winner?
KXWNBAGAME-25AUG10WSHDAL,56ef45bc-fa3c-47bb-926c-8b9f8433bdb6,2025-08-09,2025-08-09T12:00:00Z,2025-08-10T22:21:08.452291Z,finalized,Washington,5c0d47fe-8539-47b0-9f36-d0b3609ca89b,Dallas,5f0b5caf-708b-4300-92f2-53b51d83ec06,Washington,,Washington vs Dallas Winner?
KXWNBAGAME-25AUG10MINNY,2de72b4c-3c39-42c4-8321-18efac227563,2025-08-09,2025-08-09T12:00:00Z,2025-08-10T18:41:23.336589Z,finalized,Minnesota,6f017f37-be96-4bdc-b6d3-0a0429c72e89,New York,08ed8274-e29f-4248-bc2e-83cc8ed18d75,Minnesota,,Minnesota vs New York Winner?
KXWNBAGAME-25AUG10ATLPHX,2eb1473f-e48b-4a13-bb64-bb3604b03c6d,2025-08-09,2025-08-09T12:00:00Z,2025-08-11T00:24:48.54838Z,finalized,Atlanta,5d70a9af-8c2b-4aec-9e68-9acc6ddb93e4,Phoenix,0699edf3-5993-4182-b9b4-ec935cbd4fcc,Atlanta,,Atlanta vs Phoenix Winner?
KXWNBAGAME-25AUG11CONNGS,d4d4ba52-c15f-4b5d-be3d-337d438d5749,2025-08-10,2025-08-10T12:00:00Z,2025-08-12T04:13:44.31687Z,finalized,Connecticut,a015b02d-845c-40c1-8ef4-844984f47e4d,Golden State,4f57ec40-0d35-4b59-bea0-9d040f0d2292,Golden State,,Connecticut vs Golden State Winner?
KXWNBAGAME-25AUG12DALIND,e95d472a-45d1-45ba-81f4-030d6afe351a,2025-08-11,2025-08-11T12:00:00Z,2025-08-13T02:03:50.213676Z,finalized,Dallas,5f0b5caf-708b-4300-92f2-53b51d83ec06,Indiana,f073a15f-0486-4179-b0a3-dfd0294eb595,Dallas,,Dallas vs Indiana Winner?
KXWNBAGAME-25AUG12NYLA,33c1ac74-3d81-4431-81f2-e8d996bd505b,2025-08-11,2025-08-11T12:00:00Z,2025-08-13T04:11:42.085929Z,finalized,New York,08ed8274-e29f-4248-bc2e-83cc8ed18d75,Los Angeles,0a5ad38d-2fe3-43ba-894b-1ba3d5042ea9,New York,,New York vs Los Angeles Winner?
KXWNBAGAME-25AUG13CHICONN,3f5f7cac-ecfc-4b06-a399-6b587dc94aab,2025-08-12,2025-08-12T12:00:00Z,2025-08-14T01:38:07.045679Z,finalized,Chicago,3c409388-ab73-4c7f-953d-3a71062240f6,Connecticut,a015b02d-845c-40c1-8ef4-844984f47e4d,Connecticut,,Chicago vs Connecticut Winner?
KXWNBAGAME-25AUG13GSWSH,74f4d3c6-f105-49b3-bb25-ee57ac47d235,2025-08-12,2025-08-12T12:00:00Z,2025-08-14T01:58:23.702739Z,finalized,Golden State,4f57ec40-0d35-4b59-bea0-9d040f0d2292,Washington,5c0d47fe-8539-47b0-9f36-d0b3609ca89b,Golden State,,Golden State vs Washington Winner?
KXWNBAGAME-25AUG13NYLV,ef433d2f-c65d-45c8-aa73-88e89b9dcdce,2025-08-12,2025-08-12T12:00:00Z,2025-08-14T04:08:00.685279Z,finalized,New York,08ed8274-e29f-4248-bc2e-83cc8ed18d75,Las Vegas,171b097d-01db-4ae8-9d56-035689402ec6,Las Vegas,,New York vs Las Vegas Winner?
KXWNBAGAME-25AUG13ATLSEA,4b134f76-aff1-49fb-b585-3e9073eb44c2,2025-08-12,2025-08-12T12:00:00Z,2025-08-14T04:24:56.058836Z,finalized,Atlanta,5d70a9af-8c2b-4aec-9e68-9acc6ddb93e4,Seattle,d6a012ed-84aa-48d3-8265-2d3f3ff2199a,Atlanta,,Atlanta vs Seattle Winner?
KXWNBAGAME-25AUG15WSHIND,a7dc6a3d-76f1-43a8-9bdf-fd66492af752,2025-08-14,2025-08-14T12:00:00Z,2025-08-16T02:17:45.507937Z,finalized,Washington,5c0d47fe-8539-47b0-9f36-d0b3609ca89b,Indiana,f073a15f-0486-4179-b0a3-dfd0294eb595,Washington,,Washington vs Indiana Winner?
KXWNBAGAME-25AUG15LADAL,abe6b85a-9f9f-4056-95b8-9ffb7861376f,2025-08-14,2025-08-14T12:00:00Z,2025-08-16T02:17:47.272312Z,finalized,Los Angeles,0a5ad38d-2fe3-43ba-894b-1ba3d5042ea9,Dallas,5f0b5caf-708b-4300-92f2-53b51d83ec06,Los Angeles,,Los Angeles vs Dallas Winner?
KXWNBAGAME-25AUG15SEAATL,f69e50f9-fa32-4c94-9a1b-f8a270e47e4c,2025-08-14,2025-08-14T12:00:00Z,2025-08-16T04:31:51.7618Z,finalized,Seattle,d6a012ed-84aa-48d3-8265-2d3f3ff2199a,Atlanta,5d70a9af-8c2b-4aec-9e68-9acc6ddb93e4,Seattle,,Seattle vs Atlanta Winner?
KXWNBAGAME-25AUG15LVPHX,fdec04dc-4b3e-4713-8640-3988c3e4f01f,2025-08-14,2025-08-14T12:00:00Z,2025-08-16T04:23:27.552483Z,finalized,Las Vegas,171b097d-01db-4ae8-9d56-035689402ec6,Phoenix,0699edf3-5993-4182-b9b4-ec935cbd4fcc,Las Vegas,,Las Vegas vs Phoenix Winner?
KXWNBAGAME-25AUG15GSCHI,0dba890c-bbe9-4bd1-bfce-2ccaff13d596,2025-08-14,2025-08-14T12:00:00Z,2025-08-16T01:57:08.053026Z,finalized,Golden State,4f57ec40-0d35-4b59-bea0-9d040f0d2292,Chicago,3c409388-ab73-4c7f-953d-3a71062240f6,Golden State,,Golden State vs Chicago Winner?
KXWNBAGAME-25AUG16NYMIN,673f7bf8-4cb2-4836-9dec-4131b50da342,2025-08-15,2025-08-15T12:00:00Z,2025-08-16T20:31:39.672021Z,finalized,New York,08ed8274-e29f-4248-bc2e-83cc8ed18d75,Minnesota,6f017f37-be96-4bdc-b6d3-0a0429c72e89,Minnesota,,New York vs Minnesota Winner?
KXWNBAGAME-25AUG17PHXSEA,b233aa62-25a1-489f-9f1a-ad31d9a6a7c2,2025-08-16,2025-08-16T12:00:00Z,2025-08-18T00:21:44.042495Z,finalized,Phoenix,0699edf3-5993-4182-b9b4-ec935cbd4fcc,Seattle,d6a012ed-84aa-48d3-8265-2d3f3ff2199a,Phoenix,,Phoenix vs Seattle Winner?
KXWNBAGAME-25AUG17ATLGS,94b79934-48bf-41c5-a7e5-0387bb466644,2025-08-16,2025-08-16T12:00:00Z,2025-08-18T02:48:36.407058Z,finalized,Atlanta,5d70a9af-8c2b-4aec-9e68-9acc6ddb93e4,Golden State,4f57ec40-0d35-4b59-bea0-9d040f0d2292,Atlanta,,Atlanta vs Golden State Winner?
KXWNBAGAME-25AUG17DALLV,89e532bc-3a8e-4609-b8bc-6b416e0fd935,2025-08-16,2025-08-16T12:00:00Z,2025-08-17T21:42:52.742447Z,finalized,Dallas,5f0b5caf-708b-4300-92f2-53b51d83ec06,Las Vegas,171b097d-01db-4ae8-9d56-035689402ec6,Las Vegas,,Dallas vs Las Vegas Winner?
KXWNBAGAME-25AUG17INDCONN,211705ef-50b5-48b3-8486-1e18374bada4,2025-08-16,2025-08-16T12:00:00Z,2025-08-17T19:58:46.520528Z,finalized,Indiana,f073a15f-0486-4179-b0a3-dfd0294eb595,Connecticut,a015b02d-845c-40c1-8ef4-844984f47e4d,Indiana,,Indiana vs Connecticut Winner?
KXWNBAGAME-25AUG17LAWSH,3495c00d-950e-4e49-87e6-3a022d1d9c1b,2025-08-16,2025-08-16T12:00:00Z,2025-08-17T21:14:44.470708Z,finalized,Los Angeles,0a5ad38d-2fe3-43ba-894b-1ba3d5042ea9,Washington,5c0d47fe-8539-47b0-9f36-d0b3609ca89b,Washington,,Los Angeles vs Washington Winner?
KXWNBAGAME-25AUG19MINNY,b6df91b4-c8f5-45f8-bebf-c6845d61912b,2025-08-18,2025-08-18T12:00:00Z,2025-08-20T01:42:33.569425Z,finalized,Minnesota,6f017f37-be96-4bdc-b6d3-0a0429c72e89,New York,08ed8274-e29f-4248-bc2e-83cc8ed18d75,New York,,Minnesota vs New York Winner?
KXWNBAGAME-25AUG19CONNWSH,f9368273-0898-4f92-bd8a-83357de98319,2025-08-18,2025-08-18T12:00:00Z,2025-08-20T01:59:07.335065Z,finalized,Connecticut,a015b02d-845c-40c1-8ef4-844984f47e4d,Washington,5c0d47fe-8539-47b0-9f36-d0b3609ca89b,Connecticut,,Connecticut vs Washington Winner?
KXWNBAGAME-25AUG19SEACHI,45ff0733-6194-4e63-bc59-0cc5efa69256,2025-08-18,2025-08-18T12:00:00Z,2025-08-20T02:33:30.347494Z,finalized,Seattle,d6a012ed-84aa-48d3-8265-2d3f3ff2199a,Chicago,3c409388-ab73-4c7f-953d-3a71062240f6,Seattle,,Seattle vs Chicago Winner?
KXWNBAGAME-25AUG19PHXGS,2cc91c72-9797-403a-adc1-51f134d84117,2025-08-18,2025-08-18T12:00:00Z,2025-08-20T04:20:55.441893Z,finalized,Phoenix,0699edf3-5993-4182-b9b4-ec935cbd4fcc,Golden State,4f57ec40-0d35-4b59-bea0-9d040f0d2292,Phoenix,,Phoenix vs Golden State Winner?
KXWNBAGAME-25AUG19ATLLV,dfddb2f2-d585-40c5-b962-cc34ca2a9374,2025-08-18,2025-08-18T12:00:00Z,2025-08-20T04:31:32.634196Z,finalized,Atlanta,5d70a9af-8c2b-4aec-9e68-9acc6ddb93e4,Las Vegas,171b097d-01db-4ae8-9d56-035689402ec6,Las Vegas,,Atlanta vs Las Vegas Winner?
KXWNBAGAME-25AUG20DALLA,44e93bed-d304-4352-aebd-6ce08d7ecba0,2025-08-19,2025-08-19T12:00:00Z,2025-08-21T04:15:11.766094Z,finalized,Dallas,5f0b5caf-708b-4300-92f2-53b51d83ec06,Los Angeles,0a5ad38d-2fe3-43ba-894b-1ba3d5042ea9,Los Angeles,,Dallas vs Los Angeles Winner?
KXWNBAGAME-25AUG21WSHCONN,7989533a-1d74-4dd2-987f-83cae58ec668,2025-08-20,2025-08-20T12:00:00Z,2025-08-22T01:14:43.728705Z,finalized,Washington,5c0d47fe-8539-47b0-9f36-d0b3609ca89b,Connecticut,a015b02d-845c-40c1-8ef4-844984f47e4d,Connecticut,,Washington vs Connecticut Winner?
KXWNBAGAME-25AUG21CHINY,e294a887-c480-4ae6-b011-de2aaa055059,2025-08-20,2025-08-20T12:00:00Z,2025-08-22T01:17:22.863988Z,finalized,Chicago,3c409388-ab73-4c7f-953d-3a71062240f6,New York,08ed8274-e29f-4248-bc2e-83cc8ed18d75,Chicago,,Chicago vs New York Winner?
KXWNBAGAME-25AUG21MINATL,1bfb21d0-94d4-414b-872a-8caa5df09a89,2025-08-20,2025-08-20T12:00:00Z,2025-08-22T01:53:05.871033Z,finalized,Minnesota,6f017f37-be96-4bdc-b6d3-0a0429c72e89,Atlanta,5d70a9af-8c2b-4aec-9e68-9acc6ddb93e4,Atlanta,,Minnesota vs Atlanta Winner?
KXWNBAGAME-25AUG21PHXLV,6284f010-f6d1-40dc-8fca-3b4803fd645b,2025-08-20,2025-08-20T12:00:00Z,2025-08-22T03:56:55.288856Z,finalized,Phoenix,0699edf3-5993-4182-b9b4-ec935cbd4fcc,Las Vegas,171b097d-01db-4ae8-9d56-035689402ec6,Las Vegas,,Phoenix vs Las Vegas Winner?
KXWNBAGAME-25AUG22SEADAL,1146f4af-8af9-4447-97da-96ce6b61a481,2025-08-21,2025-08-21T12:00:00Z,2025-08-23T01:51:37.390439Z,finalized,Seattle,d6a012ed-84aa-48d3-8265-2d3f3ff2199a,Dallas,5f0b5caf-708b-4300-92f2-53b51d83ec06,Seattle,,Seattle vs Dallas Winner?
KXWNBAGAME-25AUG22MININD,c033c39a-f504-457a-ac46-8c49ea427508,2025-08-21,2025-08-21T12:00:00Z,2025-08-23T01:43:24.212724Z,finalized,Minnesota,6f017f37-be96-4bdc-b6d3-0a0429c72e89,Indiana,f073a15f-0486-4179-b0a3-dfd0294eb595,Minnesota,,Minnesota vs Indiana Winner?
KXWNBAGAME-25AUG22GSPHX,545784f9-c706-42ad-9145-9424c6f683b3,2025-08-21,2025-08-21T12:00:00Z,2025-08-23T04:09:55.811232Z,finalized,Golden State,4f57ec40-0d35-4b59-bea0-9d040f0d2292,Phoenix,0699edf3-5993-4182-b9b4-ec935cbd4fcc,Phoenix,,Golden State vs Phoenix Winner?
KXWNBAGAME-25AUG23CONNCHI,a1382913-f5c5-4721-9dee-4195779e9b68,2025-08-22,2025-08-22T12:00:00Z,2025-08-23T23:08:45.356782Z,finalized,Connecticut,a015b02d-845c-40c1-8ef4-844984f47e4d,Chicago,3c409388-ab73-4c7f-953d-3a71062240f6,Connecticut,,Connecticut vs Chicago Winner?
KXWNBAGAME-25AUG23NYATL,7ae48770-c55c-4f0a-af4c-c12583ea049f,2025-08-22,2025-08-22T12:00:00Z,2025-08-23T20:18:05.204531Z,finalized,New York,08ed8274-e29f-4248-bc2e-83cc8ed18d75,Atlanta,5d70a9af-8c2b-4aec-9e68-9acc6ddb93e4,Atlanta,,New York vs Atlanta Winner?
KXWNBAGAME-25AUG23LVWSH,b4e99a33-dd30-4a34-b2ac-fb606cbdb378,2025-08-22,2025-08-22T12:00:00Z,2025-08-23T22:22:09.690874Z,finalized,Las Vegas,171b097d-01db-4ae8-9d56-035689402ec6,Washington,5c0d47fe-8539-47b0-9f36-d0b3609ca89b,Las Vegas,,Las Vegas vs Washington Winner?
KXWNBAGAME-25AUG24GSDAL,0962940f-0261-4fce-b716-3a16393d43b7,2025-08-23,2025-08-23T12:00:00Z,2025-08-24T23:14:27.047852Z,finalized,Golden State,4f57ec40-0d35-4b59-bea0-9d040f0d2292,Dallas,5f0b5caf-708b-4300-92f2-53b51d83ec06,Golden State,,Golden State vs Dallas Winner?
KXWNBAGAME-25AUG24INDMIN,dbd3b99e-a600-4ca7-96e5-6a28e87a5b44,2025-08-23,2025-08-23T12:00:00Z,2025-08-25T01:27:01.717532Z,finalized,Indiana,f073a15f-0486-4179-b0a3-dfd0294eb595,Minnesota,6f017f37-be96-4bdc-b6d3-0a0429c72e89,Minnesota,,Indiana vs Minnesota Winner?
KXWNBAGAME-25AUG24SEAWSH,bb8576ec-3270-4ee6-9d85-f37e6e502af7,2025-08-23,2025-08-23T12:00:00Z,2025-08-24T21:43:09.524297Z,finalized,Seattle,d6a012ed-84aa-48d3-8265-2d3f3ff2199a,Washington,5c0d47fe-8539-47b0-9f36-d0b3609ca89b,Seattle,,Seattle vs Washington Winner?
KXWNBAGAME-25AUG25CONNNY,b1c16ad6-2122-4340-859a-d8167bec0518,2025-08-24,2025-08-24T12:00:00Z,2025-08-26T01:29:24.320964Z,finalized,Connecticut,a015b02d-845c-40c1-8ef4-844984f47e4d,New York,08ed8274-e29f-4248-bc2e-83cc8ed18d75,New York,,Connecticut vs New York Winner?
KXWNBAGAME-25AUG25LVCHI,605469ad-b049-40a1-901e-e7506fba8fd2,2025-08-24,2025-08-24T12:00:00Z,2025-08-26T02:26:28.48069Z,finalized,Las Vegas,171b097d-01db-4ae8-9d56-035689402ec6,Chicago,3c409388-ab73-4c7f-953d-3a71062240f6,Las Vegas,,Las Vegas vs Chicago Winner?
KXWNBAGAME-25AUG26SEAIND,ab22cb38-adf5-49e7-8d94-af37949f1527,2025-08-25,2025-08-25T12:00:00Z,2025-08-27T01:06:49.1376Z,finalized,Seattle,d6a012ed-84aa-48d3-8265-2d3f3ff2199a,Indiana,f073a15f-0486-4179-b0a3-dfd0294eb595,Indiana,,Seattle vs Indiana Winner?
KXWNBAGAME-25AUG26PHXLA,07de9590-90f6-48b8-87d9-f4870dd9e369,2025-08-25,2025-08-25T12:00:00Z,2025-08-27T04:17:40.013766Z,finalized,Phoenix,0699edf3-5993-4182-b9b4-ec935cbd4fcc,Los Angeles,0a5ad38d-2fe3-43ba-894b-1ba3d5042ea9,Phoenix,,Phoenix vs Los Angeles Winner?
KXWNBAGAME-25AUG27LVATL,73346e21-9cac-4ec6-b33b-5475f90cc65d,2025-08-26,2025-08-26T12:00:00Z,2025-08-28T01:36:50.263636Z,finalized,Las Vegas,171b097d-01db-4ae8-9d56-035689402ec6,Atlanta,5d70a9af-8c2b-4aec-9e68-9acc6ddb93e4,Las Vegas,,Las Vegas vs Atlanta Winner?
KXWNBAGAME-25AUG27CONNDAL,467aedcd-fa42-4992-9a69-fce47d1ece15,2025-08-26,2025-08-26T12:00:00Z,2025-08-28T02:20:06.207179Z,finalized,Connecticut,a015b02d-845c-40c1-8ef4-844984f47e4d,Dallas,5f0b5caf-708b-4300-92f2-53b51d83ec06,Connecticut,,Connecticut vs Dallas Winner?
KXWNBAGAME-25AUG28WSHNY,0293e78b-c940-41cf-a0cd-7e8477e22e8c,2025-08-27,2025-08-27T12:00:00Z,2025-08-29T01:08:06.477834Z,finalized,Washington,5c0d47fe-8539-47b0-9f36-d0b3609ca89b,New York,08ed8274-e29f-4248-bc2e-83cc8ed18d75,New York,,Washington vs New York Winner?
KXWNBAGAME-25AUG28SEAMIN,5bd3c372-8440-42c1-890b-1f50980339f6,2025-08-27,2025-08-27T12:00:00Z,2025-08-29T02:21:36.436678Z,finalized,Seattle,d6a012ed-84aa-48d3-8265-2d3f3ff2199a,Minnesota,6f017f37-be96-4bdc-b6d3-0a0429c72e89,Seattle,,Seattle vs Minnesota Winner?
KXWNBAGAME-25AUG28CHIPHX,839042f6-f98f-4f3b-98fa-9fe9138ab502,2025-08-27,2025-08-27T12:00:00Z,2025-08-29T04:23:44.367626Z,finalized,Chicago,3c409388-ab73-4c7f-953d-3a71062240f6,Phoenix,0699edf3-5993-4182-b9b4-ec935cbd4fcc,Phoenix,,Chicago vs Phoenix Winner?
KXWNBAGAME-25AUG29DALATL,6391d63f-5468-49cc-98d6-d6f2d7c9bc9a,2025-08-28,2025-08-28T12:00:00Z,2025-08-30T02:11:41.257933Z,finalized,Dallas,5f0b5caf-708b-4300-92f2-53b51d83ec06,Atlanta,5d70a9af-8c2b-4aec-9e68-9acc6ddb93e4,Atlanta,,Dallas vs Atlanta Winner?
KXWNBAGAME-25AUG29INDLA,6d17df9c-9585-4b14-b1ab-7334c0443b45,2025-08-28,2025-08-28T12:00:00Z,2025-08-30T04:39:53.382763Z,finalized,Indiana,f073a15f-0486-4179-b0a3-dfd0294eb595,Los Angeles,0a5ad38d-2fe3-43ba-894b-1ba3d5042ea9,Indiana,,Indiana vs Los Angeles Winner?
KXWNBAGAME-25AUG30CHISEA,f9f13a3c-2e9d-4f16-9b69-ae8ecde4a9f7,2025-08-29,2025-08-29T12:00:00Z,2025-08-31T03:13:55.116176Z,finalized,Chicago,3c409388-ab73-4c7f-953d-3a71062240f6,Seattle,d6a012ed-84aa-48d3-8265-2d3f3ff2199a,Seattle,,Chicago vs Seattle Winner?
KXWNBAGAME-25AUG30NYPHX,b8a9473b-b08f-4b3a-9a87-ddf2aa6fb0a7,2025-08-29,2025-08-29T12:00:00Z,2025-08-31T04:10:33.662743Z,finalized,New York,08ed8274-e29f-4248-bc2e-83cc8ed18d75,Phoenix,0699edf3-5993-4182-b9b4-ec935cbd4fcc,Phoenix,,New York vs Phoenix Winner?
KXWNBAGAME-25AUG30MINCONN,f4a43e2c-aa5d-4868-a4ec-16ded7246011,2025-08-29,2025-08-29T12:00:00Z,2025-08-31T01:09:56.705733Z,finalized,Minnesota,6f017f37-be96-4bdc-b6d3-0a0429c72e89,Connecticut,a015b02d-845c-40c1-8ef4-844984f47e4d,Minnesota,,Minnesota vs Connecticut Winner?
KXWNBAGAME-25AUG30WSHGS,b3770461-6a18-42c3-a797-81fc86d542ba,2025-08-29,2025-08-29T12:00:00Z,2025-08-31T02:47:15.963214Z,finalized,Washington,5c0d47fe-8539-47b0-9f36-d0b3609ca89b,Golden State,4f57ec40-0d35-4b59-bea0-9d040f0d2292,Golden State,,Washington vs Golden State Winner?
KXWNBAGAME-25AUG31WSHLA,eef5e74b-cdc8-45c9-b34e-c80089a44b6d,2025-08-30,2025-08-30T12:00:00Z,2025-09-01T02:07:43.808304Z,finalized,Washington,5c0d47fe-8539-47b0-9f36-d0b3609ca89b,Los Angeles,0a5ad38d-2fe3-43ba-894b-1ba3d5042ea9,Los Angeles,,Washington vs Los Angeles Winner?
KXWNBAGAME-25AUG31INDGS,908cd927-f426-47f8-95c4-207b14d9de72,2025-08-30,2025-08-30T12:00:00Z,2025-09-01T03:32:57.20389Z,finalized,Indiana,f073a15f-0486-4179-b0a3-dfd0294eb595,Golden State,4f57ec40-0d35-4b59-bea0-9d040f0d2292,Golden State,,Indiana vs Golden State Winner?
KXWNBAGAME-25SEP01ATLCONN,229cd339-d841-43e9-8caf-50acf5713440,2025-08-31,2025-08-31T12:00:00Z,2025-09-01T19:14:27.692666Z,finalized,Atlanta,5d70a9af-8c2b-4aec-9e68-9acc6ddb93e4,Connecticut,a015b02d-845c-40c1-8ef4-844984f47e4d,Atlanta,,Atlanta vs Connecticut Winner?
KXWNBAGAME-25SEP01DALMIN,d781abdf-d0a8-43bb-8830-cc7ac2b713cf,2025-08-31,2025-08-31T12:00:00Z,2025-09-02T02:09:06.673623Z,finalized,Dallas,5f0b5caf-708b-4300-92f2-53b51d83ec06,Minnesota,6f017f37-be96-4bdc-b6d3-0a0429c72e89,Minnesota,,Dallas vs Minnesota Winner?
KXWNBAGAME-25SEP01LASEA,7c219682-63ed-42c1-8555-c42addba3a67,2025-08-31,2025-08-31T12:00:00Z,2025-09-02T04:09:42.674346Z,finalized,Los Angeles,0a5ad38d-2fe3-43ba-894b-1ba3d5042ea9,Seattle,d6a012ed-84aa-48d3-8265-2d3f3ff2199a,Los Angeles,,Los Angeles vs Seattle Winner?
KXWNBAGAME-25SEP02INDPHX,384c2c90-ef47-49cb-b607-d5752ff7bff9,2025-09-01,2025-09-01T12:00:00Z,2025-09-03T04:17:18.299062Z,finalized,Indiana,f073a15f-0486-4179-b0a3-dfd0294eb595,Phoenix,0699edf3-5993-4182-b9b4-ec935cbd4fcc,Phoenix,,Indiana vs Phoenix Winner?
KXWNBAGAME-25SEP02NYGS,86c4cd99-dcc3-4400-aa83-33d156304c10,2025-09-01,2025-09-01T12:00:00Z,2025-09-03T04:34:38.96292Z,finalized,New York,08ed8274-e29f-4248-bc2e-83cc8ed18d75,Golden State,4f57ec40-0d35-4b59-bea0-9d040f0d2292,Golden State,,New York vs Golden State Winner?
KXWNBAGAME-25SEP03CONNCHI,2f5baf0d-dd06-464d-95dd-177924f443c9,2025-09-02,2025-09-02T12:00:00Z,2025-09-04T02:16:36.625826Z,finalized,Connecticut,a015b02d-845c-40c1-8ef4-844984f47e4d,Chicago,3c409388-ab73-4c7f-953d-3a71062240f6,Chicago,,Connecticut vs Chicago Winner?
KXWNBAGAME-25SEP03LAATL,e83198ea-0baf-4a62-aaaa-8d6e6ff8cee7,2025-09-02,2025-09-02T12:00:00Z,2025-09-04T01:36:00.996802Z,finalized,Los Angeles,0a5ad38d-2fe3-43ba-894b-1ba3d5042ea9,Atlanta,5d70a9af-8c2b-4aec-9e68-9acc6ddb93e4,Atlanta,,Los Angeles vs Atlanta Winner?
KXWNBAGAME-25SEP04PHXWSH,a5a85e15-27f1-40da-8969-5c14497c18ee,2025-09-03,2025-09-03T12:00:00Z,2025-09-05T01:36:37.385461Z,finalized,Phoenix,0699edf3-5993-4182-b9b4-ec935cbd4fcc,Washington,5c0d47fe-8539-47b0-9f36-d0b3609ca89b,Phoenix,,Phoenix vs Washington Winner?
KXWNBAGAME-25SEP04DALGS,b69d86fb-d73a-4b99-bec9-88e73e7ce25b,2025-09-03,2025-09-03T12:00:00Z,2025-09-05T04:29:29.450941Z,finalized,Dallas,5f0b5caf-708b-4300-92f2-53b51d83ec06,Golden State,4f57ec40-0d35-4b59-bea0-9d040f0d2292,Golden State,,Dallas vs Golden State Winner?
KXWNBAGAME-25SEP04MINLV,c65312de-0424-41f1-8439-c23a319d23ac,2025-09-03,2025-09-03T12:00:00Z,2025-09-05T03:54:46.049728Z,finalized,Minnesota,6f017f37-be96-4bdc-b6d3-0a0429c72e89,Las Vegas,171b097d-01db-4ae8-9d56-035689402ec6,Las Vegas,,Minnesota vs Las Vegas Winner?
KXWNBAGAME-25SEP05LAATL,1fbd18c4-cdc0-447c-b339-e189c095c217,2025-09-04,2025-09-04T12:00:00Z,2025-09-06T01:32:59.572709Z,finalized,Los Angeles,0a5ad38d-2fe3-43ba-894b-1ba3d5042ea9,Atlanta,5d70a9af-8c2b-4aec-9e68-9acc6ddb93e4,Atlanta,,Los Angeles vs Atlanta Winner?
KXWNBAGAME-25SEP05CHIIND,f9c188c7-35cd-436c-8d11-7f1b0131ba33,2025-09-04,2025-09-04T12:00:00Z,2025-09-06T01:56:28.056424Z,finalized,Chicago,3c409388-ab73-4c7f-953d-3a71062240f6,Indiana,f073a15f-0486-4179-b0a3-dfd0294eb595,Indiana,,Chicago vs Indiana Winner?
KXWNBAGAME-25SEP05NYSEA,1cf9c10b-f66e-464f-8cf5-6cb1f3ea43c6,2025-09-04,2025-09-04T12:00:00Z,2025-09-06T04:12:32.256634Z,finalized,New York,08ed8274-e29f-4248-bc2e-83cc8ed18d75,Seattle,d6a012ed-84aa-48d3-8265-2d3f3ff2199a,New York,,New York vs Seattle Winner?
KXWNBAGAME-25SEP06PHXCONN,f0ccfa2d-7cf2-4828-a0e0-1495c228fdb2,2025-09-05,2025-09-05T12:00:00Z,2025-09-06T19:35:42.265029Z,finalized,Phoenix,0699edf3-5993-4182-b9b4-ec935cbd4fcc,Connecticut,a015b02d-845c-40c1-8ef4-844984f47e4d,Connecticut,,Phoenix vs Connecticut Winner?
KXWNBAGAME-25SEP06MINGS,421e879b-21e1-43a9-a641-5a1e5cb320a3,2025-09-05,2025-09-05T12:00:00Z,2025-09-07T03:16:35.670225Z,finalized,Minnesota,6f017f37-be96-4bdc-b6d3-0a0429c72e89,Golden State,4f57ec40-0d35-4b59-bea0-9d040f0d2292,Minnesota,,Minnesota vs Golden State Winner?
KXWNBAGAME-25SEP07CHILV,8fc361a1-ad32-4a5f-9f22-54d648200cb6,2025-09-06,2025-09-06T12:00:00Z,2025-09-08T04:44:16.543524Z,finalized,Chicago,3c409388-ab73-4c7f-953d-3a71062240f6,Las Vegas,171b097d-01db-4ae8-9d56-035689402ec6,Las Vegas,,Chicago vs Las Vegas Winner?
KXWNBAGAME-25SEP07DALLA,8af5fca3-5db1-45d8-895e-c772b97241db,2025-09-06,2025-09-06T12:00:00Z,2025-09-08T01:51:36.54878Z,finalized,Dallas,5f0b5caf-708b-4300-92f2-53b51d83ec06,Los Angeles,0a5ad38d-2fe3-43ba-894b-1ba3d5042ea9,Los Angeles,,Dallas vs Los Angeles Winner?
KXWNBAGAME-25SEP07INDWSH,dc1cf6a2-4fd5-4b84-aab8-3d18b59e14a5,2025-09-06,2025-09-06T12:00:00Z,2025-09-07T23:08:34.752913Z,finalized,Indiana,f073a15f-0486-4179-b0a3-dfd0294eb595,Washington,5c0d47fe-8539-47b0-9f36-d0b3609ca89b,Indiana,,Indiana vs Washington Winner?
KXWNBAGAME-25SEP08CONNATL,066fe1b5-ac89-4da1-be0d-7a9f9c1ee193,2025-09-07,2025-09-07T12:00:00Z,2025-09-09T01:32:25.961158Z,finalized,Connecticut,a015b02d-845c-40c1-8ef4-844984f47e4d,Atlanta,5d70a9af-8c2b-4aec-9e68-9acc6ddb93e4,Atlanta,,Connecticut vs Atlanta Winner?
KXWNBAGAME-25SEP09WSHNY,bf12976a-1b69-4b23-b6b9-9e4244ae6401,2025-09-08,2025-09-08T12:00:00Z,2025-09-10T01:04:45.636754Z,finalized,Washington,5c0d47fe-8539-47b0-9f36-d0b3609ca89b,New York,08ed8274-e29f-4248-bc2e-83cc8ed18d75,New York,,Washington vs New York Winner?
KXWNBAGAME-25SEP09MININD,31d89653-50a1-4688-b507-15c8e12dad33,2025-09-08,2025-09-08T12:00:00Z,2025-09-10T01:38:53.580132Z,finalized,Minnesota,6f017f37-be96-4bdc-b6d3-0a0429c72e89,Indiana,f073a15f-0486-4179-b0a3-dfd0294eb595,Indiana,,Minnesota vs Indiana Winner?
KXWNBAGAME-25SEP09LAPHX,428eaadb-1bde-4aa3-85ad-6353e5c1f025,2025-09-08,2025-09-08T12:00:00Z,2025-09-10T04:12:14.341258Z,finalized,Los Angeles,0a5ad38d-2fe3-43ba-894b-1ba3d5042ea9,Phoenix,0699edf3-5993-4182-b9b4-ec935cbd4fcc,Los Angeles,,Los Angeles vs Phoenix Winner?
KXWNBAGAME-25SEP09CHILV,ae5d8817-5152-45ff-a437-bd57cf3f5faa,2025-09-08,2025-09-08T12:00:00Z,2025-09-10T04:06:06.464551Z,finalized,Chicago,3c409388-ab73-4c7f-953d-3a71062240f6,Las Vegas,171b097d-01db-4ae8-9d56-035689402ec6,Las Vegas,,Chicago vs Las Vegas Winner?
KXWNBAGAME-25SEP09GSSEA,e9ff9be0-15cb-4e16-86a5-89be878b6745,2025-09-08,2025-09-08T12:00:00Z,2025-09-10T04:12:15.44414Z,finalized,Golden State,4f57ec40-0d35-4b59-bea0-9d040f0d2292,Seattle,d6a012ed-84aa-48d3-8265-2d3f3ff2199a,Seattle,,Golden State vs Seattle Winner?
KXWNBAGAME-25SEP10ATLCONN,1ecad64f-deda-4055-95e7-198f2df3fa68,2025-09-09,2025-09-09T12:00:00Z,2025-09-11T01:08:11.961951Z,finalized,Atlanta,5d70a9af-8c2b-4aec-9e68-9acc6ddb93e4,Connecticut,a015b02d-845c-40c1-8ef4-844984f47e4d,Atlanta,,Atlanta vs Connecticut Winner?
KXWNBAGAME-25SEP11LVLA,1a0df56d-9b5f-4e53-9d8a-8b754f489bef,2025-09-10,2025-09-10T12:00:00Z,2025-09-12T03:58:27.175225Z,finalized,Las Vegas,171b097d-01db-4ae8-9d56-035689402ec6,Los Angeles,0a5ad38d-2fe3-43ba-894b-1ba3d5042ea9,Las Vegas,,Las Vegas vs Los Angeles Winner?
KXWNBAGAME-25SEP11NYCHI,d15b970b-6606-4246-a924-bc903756c55f,2025-09-10,2025-09-10T12:00:00Z,2025-09-12T01:58:18.975894Z,finalized,New York,08ed8274-e29f-4248-bc2e-83cc8ed18d75,Chicago,3c409388-ab73-4c7f-953d-3a71062240f6,New York,,New York vs Chicago Winner?
KXWNBAGAME-25SEP11GSMIN,26dc7ac4-cdfa-4270-bdb1-394c4e513476,2025-09-10,2025-09-10T12:00:00Z,2025-09-12T02:10:35.23369Z,finalized,Golden State,4f57ec40-0d35-4b59-bea0-9d040f0d2292,Minnesota,6f017f37-be96-4bdc-b6d3-0a0429c72e89,Minnesota,,Golden State vs Minnesota Winner?
KXWNBAGAME-25SEP11PHXDAL,93a98ff0-ed90-4c11-8f56-dfd70e55ed58,2025-09-10,2025-09-10T12:00:00Z,2025-09-12T02:09:09.121853Z,finalized,Phoenix,0699edf3-5993-4182-b9b4-ec935cbd4fcc,Dallas,5f0b5caf-708b-4300-92f2-53b51d83ec06,Dallas,,Phoenix vs Dallas Winner?
KXWNBAGAME-25SEP14GSVMIN,d23df8d9-9b35-4185-9ae5-d47e05013b0b,2025-09-14,2025-09-14T14:45:00Z,2025-09-15T02:24:47.948105Z,finalized,Golden State,4f57ec40-0d35-4b59-bea0-9d040f0d2292,Minnesota,6f017f37-be96-4bdc-b6d3-0a0429c72e89,Minnesota,1.0,Golden State vs Minnesota (Game 1) Winner?
KXWNBAGAME-25SEP14NYLPHX,d9c1aff3-25aa-404a-b801-cd5f8058d423,2025-09-14,2025-09-14T14:45:00Z,2025-09-15T02:35:15.928271Z,finalized,New York,08ed8274-e29f-4248-bc2e-83cc8ed18d75,Phoenix,0699edf3-5993-4182-b9b4-ec935cbd4fcc,New York,1.0,New York vs Phoenix (Game 1) Winner?
KXWNBAGAME-25SEP14SEALVA,2b3209a5-f4cc-4cec-98a2-618f77314523,2025-09-14,2025-09-14T14:45:00Z,2025-09-15T04:12:18.814618Z,finalized,Seattle,d6a012ed-84aa-48d3-8265-2d3f3ff2199a,Las Vegas,171b097d-01db-4ae8-9d56-035689402ec6,Las Vegas,1.0,Seattle vs Las Vegas (Game 1) Winner?
KXWNBAGAME-25SEP14INDATL,e88f7300-bce3-49dc-a97d-6d17dadb7e95,2025-09-14,2025-09-14T14:45:00Z,2025-09-15T02:33:17.433675Z,finalized,Indiana,f073a15f-0486-4179-b0a3-dfd0294eb595,Atlanta,5d70a9af-8c2b-4aec-9e68-9acc6ddb93e4,Atlanta,1.0,Indiana vs Atlanta (Game 1) Winner?
KXWNBAGAME-25SEP16ATLIND,69a412a7-f97f-4e25-804a-8c085ec0ce2f,2025-09-15,2025-09-15T12:00:00Z,2025-09-17T03:56:42.650938Z,finalized,Atlanta,5d70a9af-8c2b-4aec-9e68-9acc6ddb93e4,Indiana,f073a15f-0486-4179-b0a3-dfd0294eb595,Indiana,,Atlanta vs Indiana Winner?
KXWNBAGAME-25SEP16LVSEA,ec784d2b-3c27-47ac-bb5b-7edab3baa3fb,2025-09-15,2025-09-15T12:00:00Z,2025-09-17T03:56:01.983581Z,finalized,Las Vegas,171b097d-01db-4ae8-9d56-035689402ec6,Seattle,d6a012ed-84aa-48d3-8265-2d3f3ff2199a,Seattle,,Las Vegas vs Seattle Winner?
KXWNBAGAME-25SEP17PHXNYL,14312745-52b6-41c0-96d0-ee3ff44c26c2,2025-09-17,2025-09-17T05:02:00Z,2025-09-18T02:31:32.201661Z,finalized,Phoenix,0699edf3-5993-4182-b9b4-ec935cbd4fcc,New York,08ed8274-e29f-4248-bc2e-83cc8ed18d75,Phoenix,2.0,Phoenix vs New York (Game 2) Winner?
KXWNBAGAME-25SEP18INDATL,4e9f12ff-e41e-413d-a1d4-936579e0e487,2025-09-17,2025-09-17T12:00:00Z,2025-09-19T02:03:45.31168Z,finalized,Indiana,f073a15f-0486-4179-b0a3-dfd0294eb595,Atlanta,5d70a9af-8c2b-4aec-9e68-9acc6ddb93e4,Indiana,,Indiana vs Atlanta Winner?
KXWNBAGAME-25SEP18SEALV,58bb94db-4f37-45ce-a7b9-2cb2aa412759,2025-09-17,2025-09-17T12:00:00Z,2025-09-19T04:12:09.666861Z,finalized,Seattle,d6a012ed-84aa-48d3-8265-2d3f3ff2199a,Las Vegas,171b097d-01db-4ae8-9d56-035689402ec6,Las Vegas,,Seattle vs Las Vegas Winner?
KXWNBAGAME-25SEP17MINGSV,2fb00c07-3995-4420-aa53-e0b95160a91a,2025-09-17,2025-09-17T05:02:00Z,2025-09-18T04:35:38.888703Z,finalized,Minnesota,6f017f37-be96-4bdc-b6d3-0a0429c72e89,Golden State,4f57ec40-0d35-4b59-bea0-9d040f0d2292,Minnesota,2.0,Minnesota vs Golden State (Game 2) Winner?
KXWNBAGAME-25SEP19NYPHX,f319caf0-a286-4e3e-87b3-4aeb5473cebf,2025-09-18,2025-09-18T04:45:00Z,2025-09-20T03:24:09.590092Z,finalized,New York,08ed8274-e29f-4248-bc2e-83cc8ed18d75,Phoenix,0699edf3-5993-4182-b9b4-ec935cbd4fcc,Phoenix,,New York vs Phoenix Winner?
KXWNBAGAME-25SEP21INDLVA,8cd4034f-e3f1-45a0-afa2-29c966d41bc9,2025-09-19,2025-09-19T04:00:00Z,2025-09-21T21:06:20.102865Z,finalized,Indiana,f073a15f-0486-4179-b0a3-dfd0294eb595,Las Vegas,171b097d-01db-4ae8-9d56-035689402ec6,Indiana,1.0,Indiana vs Las Vegas (Game 1) Winner?
KXWNBAGAME-25SEP21PHXMIN,0973a093-1a22-4782-80a5-4f393bb71641,2025-09-20,2025-09-20T03:40:00Z,2025-09-21T23:41:01.502744Z,finalized,Phoenix,0699edf3-5993-4182-b9b4-ec935cbd4fcc,Minnesota,6f017f37-be96-4bdc-b6d3-0a0429c72e89,Minnesota,1.0,Phoenix vs Minnesota (Game 1) Winner?
KXWNBAGAME-25SEP23INDLVA,30981dda-706d-44fc-9eb4-b6f8c5a3e874,2025-09-21,2025-09-21T21:06:00Z,2025-09-24T03:42:32.332742Z,finalized,Indiana,f073a15f-0486-4179-b0a3-dfd0294eb595,Las Vegas,171b097d-01db-4ae8-9d56-035689402ec6,Las Vegas,2.0,Indiana vs Las Vegas (Game 2) Winner?
KXWNBAGAME-25SEP23PHXMIN,d1ac0af3-7692-4dc7-89cd-1410070e8853,2025-09-21,2025-09-21T22:50:00Z,2025-09-24T02:04:59.986465Z,finalized,Phoenix,0699edf3-5993-4182-b9b4-ec935cbd4fcc,Minnesota,6f017f37-be96-4bdc-b6d3-0a0429c72e89,Phoenix,2.0,Phoenix vs Minnesota (Game 2) Winner?
KXWNBAGAME-25SEP26MINPHX,5a89a8be-ae96-4f08-8a50-15e0c79b643c,2025-09-24,2025-09-24T02:00:00Z,2025-09-27T03:55:31.649348Z,finalized,Minnesota,6f017f37-be96-4bdc-b6d3-0a0429c72e89,Phoenix,0699edf3-5993-4182-b9b4-ec935cbd4fcc,Phoenix,3.0,Minnesota vs Phoenix (Game 3) Winner?
KXWNBAGAME-25SEP26LVAIND,059e0f9b-7b9d-4971-baf1-1b912ef755d1,2025-09-24,2025-09-24T03:45:00Z,2025-09-27T01:58:51.136334Z,finalized,Las Vegas,171b097d-01db-4ae8-9d56-035689402ec6,Indiana,f073a15f-0486-4179-b0a3-dfd0294eb595,Las Vegas,3.0,Las Vegas vs Indiana (Game 3) Winner?
KXWNBAGAME-25SEP28LVAIND,f8098775-9026-45b0-a3b8-03765c171265,2025-09-27,2025-09-27T02:00:00Z,2025-09-28T21:34:56.350847Z,finalized,Las Vegas,171b097d-01db-4ae8-9d56-035689402ec6,Indiana,f073a15f-0486-4179-b0a3-dfd0294eb595,Indiana,4.0,Las Vegas vs Indiana (Game 4) Winner?
KXWNBAGAME-25SEP28MINPHX,fb31c505-de82-4d70-a8a2-a91dbaacd1ee,2025-09-27,2025-09-27T03:55:00Z,2025-09-29T02:19:00.935588Z,finalized,Minnesota,6f017f37-be96-4bdc-b6d3-0a0429c72e89,Phoenix,0699edf3-5993-4182-b9b4-ec935cbd4fcc,Phoenix,4.0,Minnesota vs Phoenix (Game 4) Winner?
KXWNBAGAME-25SEP30INDLVA,fc11987d-5051-4621-94f9-17a356691802,2025-09-28,2025-09-28T22:26:00Z,2025-10-01T04:19:13.89906Z,finalized,Indiana,f073a15f-0486-4179-b0a3-dfd0294eb595,Las Vegas,171b097d-01db-4ae8-9d56-035689402ec6,Las Vegas,5.0,Indiana vs Las Vegas (Game 5) Winner?
KXWNBAGAME-25OCT03PHXLVA,d06d5e67-e80d-4c55-907a-79b86c145e92,2025-10-01,2025-10-01T04:30:00Z,2025-10-04T02:38:35.290187Z,finalized,Phoenix,0699edf3-5993-4182-b9b4-ec935cbd4fcc,Las Vegas,171b097d-01db-4ae8-9d56-035689402ec6,Las Vegas,1.0,Phoenix vs Las Vegas (Game 1) Winner?
KXWNBAGAME-25OCT05PHXLVA,acd54341-7fa1-4d4d-b64f-d637a66c3443,2025-10-04,2025-10-04T02:20:00Z,2025-10-05T21:16:46.490242Z,finalized,Phoenix,0699edf3-5993-4182-b9b4-ec935cbd4fcc,Las Vegas,171b097d-01db-4ae8-9d56-035689402ec6,Las Vegas,2.0,Phoenix vs Las Vegas (Game 2) Winner?
KXWNBAGAME-25OCT08LVAPHX,4a8a3c5a-81ad-462c-b4cb-3300d1eea8c3,2025-10-05,2025-10-05T21:15:00Z,2025-10-09T02:40:27.594808Z,finalized,Las Vegas,171b097d-01db-4ae8-9d56-035689402ec6,Phoenix,0699edf3-5993-4182-b9b4-ec935cbd4fcc,Las Vegas,3.0,Las Vegas vs Phoenix (Game 3) Winner?
KXWNBAGAME-25OCT10LVAPHX,e149ddfc-1ec6-43c0-a2f4-7d0ddbe8afb1,2025-10-09,2025-10-09T02:40:00Z,2025-10-11T02:32:31.08449Z,finalized,Las Vegas,171b097d-01db-4ae8-9d56-035689402ec6,Phoenix,0699edf3-5993-4182-b9b4-ec935cbd4fcc,Las Vegas,4.0,Las Vegas vs Phoenix (Game 4) Winner?
